<?xml version="1.0" encoding="UTF-8"?><ImplementationGuide xmlns="http://hl7.org/fhir"><id value="oash.fhir.us.opa"/><meta><versionId value="209"/><lastUpdated value="2023-08-24T15:12:03.431Z"/></meta><text><status value="extensions"/><div xmlns="http://www.w3.org/1999/xhtml"><h2>FamilyPlanningAnnualReport</h2><p>The official URL for this implementation guide is: </p><pre>http://oash.org/fhir/us/opa/ImplementationGuide/oash.fhir.us.opa</pre></div></text><url value="http://oash.org/fhir/us/opa/ImplementationGuide/oash.fhir.us.opa"/><version value="1.0.0"/><name value="FamilyPlanningAnnualReport"/><title value="Family Planning Annual Report (FPAR) Implementation Guide"/><status value="active"/><date value="2023-09-27T11:10:26-06:00"/><contact><telecom><system value="phone"/></telecom></contact><jurisdiction><coding><system value="urn:iso:std:iso:3166"/><code value="US"/><display value="United States of America"/></coding><text value="USA"/></jurisdiction><packageId value="oash.fhir.us.opa"/><license value="CC0-1.0"/><fhirVersion value="4.0.1"/><dependsOn id="hl7tx"><extension url="http://hl7.org/fhir/tools/StructureDefinition/implementationguide-dependency-comment"><valueMarkdown value="Automatically added as a dependency - all IGs depend on HL7 Terminology"/></extension><uri value="http://terminology.hl7.org/ImplementationGuide/hl7.terminology"/><packageId value="hl7.terminology.r4"/><version value="5.3.0"/></dependsOn><dependsOn id="hl7ext"><extension url="http://hl7.org/fhir/tools/StructureDefinition/implementationguide-dependency-comment"><valueMarkdown value="Automatically added as a dependency - all IGs depend on the HL7 Extension Pack"/></extension><uri value="http://hl7.org/fhir/extensions/ImplementationGuide/hl7.fhir.uv.extensions"/><packageId value="hl7.fhir.uv.extensions.r4"/><version value="1.0.0"/></dependsOn><dependsOn id="hl7fhiruscore"><uri value="http://hl7.org/fhir/us/core/ImplementationGuide/hl7.fhir.us.core#6.1.0"/><packageId value="hl7.fhir.us.core"/><version value="6.1.0"/></dependsOn><dependsOn id="usnlmvsac"><uri value="http://fhir.org/packages/us.nlm.vsac/ImplementationGuide/us.nlm.vsac"/><packageId value="us.nlm.vsac"/><version value="0.11.0"/></dependsOn><definition><extension url="http://hl7.org/fhir/tools/StructureDefinition/ig-parameter"><extension url="code"><valueString value="apply-jurisdiction"/></extension><extension url="value"><valueString value="false"/></extension></extension><extension url="http://hl7.org/fhir/tools/StructureDefinition/ig-parameter"><extension url="code"><valueString value="path-expansion-params"/></extension><extension url="value"><valueString value="resources/parameters/expansion-parameters-opa.xml"/></extension></extension><extension url="http://hl7.org/fhir/tools/StructureDefinition/ig-parameter"><extension url="code"><valueString value="copyrightyear"/></extension><extension url="value"><valueString value="2020+"/></extension></extension><extension url="http://hl7.org/fhir/tools/StructureDefinition/ig-parameter"><extension url="code"><valueString value="releaselabel"/></extension><extension url="value"><valueString value="CI Build"/></extension></extension><extension url="http://hl7.org/fhir/tools/StructureDefinition/ig-parameter"><extension url="code"><valueString value="autoload-resources"/></extension><extension url="value"><valueString value="true"/></extension></extension><extension url="http://hl7.org/fhir/tools/StructureDefinition/ig-parameter"><extension url="code"><valueString value="path-liquid"/></extension><extension url="value"><valueString value="template/liquid"/></extension></extension><extension url="http://hl7.org/fhir/tools/StructureDefinition/ig-parameter"><extension url="code"><valueString value="path-liquid"/></extension><extension url="value"><valueString value="input/liquid"/></extension></extension><extension url="http://hl7.org/fhir/tools/StructureDefinition/ig-parameter"><extension url="code"><valueString value="path-qa"/></extension><extension url="value"><valueString value="temp/qa"/></extension></extension><extension url="http://hl7.org/fhir/tools/StructureDefinition/ig-parameter"><extension url="code"><valueString value="path-temp"/></extension><extension url="value"><valueString value="temp/pages"/></extension></extension><extension url="http://hl7.org/fhir/tools/StructureDefinition/ig-parameter"><extension url="code"><valueString value="path-output"/></extension><extension url="value"><valueString value="output"/></extension></extension><extension url="http://hl7.org/fhir/tools/StructureDefinition/ig-parameter"><extension url="code"><valueString value="path-suppressed-warnings"/></extension><extension url="value"><valueString value="input/ignoreWarnings.txt"/></extension></extension><extension url="http://hl7.org/fhir/tools/StructureDefinition/ig-parameter"><extension url="code"><valueString value="path-history"/></extension><extension url="value"><valueString value="http://oash.org/fhir/us/opa/history.html"/></extension></extension><extension url="http://hl7.org/fhir/tools/StructureDefinition/ig-parameter"><extension url="code"><valueString value="template-html"/></extension><extension url="value"><valueString value="template-page.html"/></extension></extension><extension url="http://hl7.org/fhir/tools/StructureDefinition/ig-parameter"><extension url="code"><valueString value="template-md"/></extension><extension url="value"><valueString value="template-page-md.html"/></extension></extension><extension url="http://hl7.org/fhir/tools/StructureDefinition/ig-parameter"><extension url="code"><valueString value="apply-contact"/></extension><extension url="value"><valueString value="true"/></extension></extension><extension url="http://hl7.org/fhir/tools/StructureDefinition/ig-parameter"><extension url="code"><valueString value="apply-context"/></extension><extension url="value"><valueString value="true"/></extension></extension><extension url="http://hl7.org/fhir/tools/StructureDefinition/ig-parameter"><extension url="code"><valueString value="apply-copyright"/></extension><extension url="value"><valueString value="true"/></extension></extension><extension url="http://hl7.org/fhir/tools/StructureDefinition/ig-parameter"><extension url="code"><valueString value="apply-license"/></extension><extension url="value"><valueString value="true"/></extension></extension><extension url="http://hl7.org/fhir/tools/StructureDefinition/ig-parameter"><extension url="code"><valueString value="apply-publisher"/></extension><extension url="value"><valueString value="true"/></extension></extension><extension url="http://hl7.org/fhir/tools/StructureDefinition/ig-parameter"><extension url="code"><valueString value="apply-version"/></extension><extension url="value"><valueString value="true"/></extension></extension><extension url="http://hl7.org/fhir/tools/StructureDefinition/ig-parameter"><extension url="code"><valueString value="apply-wg"/></extension><extension url="value"><valueString value="true"/></extension></extension><extension url="http://hl7.org/fhir/tools/StructureDefinition/ig-parameter"><extension url="code"><valueString value="active-tables"/></extension><extension url="value"><valueString value="true"/></extension></extension><extension url="http://hl7.org/fhir/tools/StructureDefinition/ig-parameter"><extension url="code"><valueString value="fmm-definition"/></extension><extension url="value"><valueString value="http://hl7.org/fhir/versions.html#maturity"/></extension></extension><extension url="http://hl7.org/fhir/tools/StructureDefinition/ig-parameter"><extension url="code"><valueString value="propagate-status"/></extension><extension url="value"><valueString value="true"/></extension></extension><extension url="http://hl7.org/fhir/tools/StructureDefinition/ig-parameter"><extension url="code"><valueString value="excludelogbinaryformat"/></extension><extension url="value"><valueString value="true"/></extension></extension><extension url="http://hl7.org/fhir/tools/StructureDefinition/ig-parameter"><extension url="code"><valueString value="tabbed-snapshots"/></extension><extension url="value"><valueString value="true"/></extension></extension><extension url="http://hl7.org/fhir/tools/StructureDefinition/ig-internal-dependency"><valueCode value="hl7.fhir.uv.tools#current"/></extension><extension url="http://hl7.org/fhir/tools/StructureDefinition/ig-parameter"><extension url="code"><valueCode value="apply-jurisdiction"/></extension><extension url="value"><valueString value="false"/></extension></extension><extension url="http://hl7.org/fhir/tools/StructureDefinition/ig-parameter"><extension url="code"><valueCode value="path-expansion-params"/></extension><extension url="value"><valueString value="resources/parameters/expansion-parameters-opa.xml"/></extension></extension><extension url="http://hl7.org/fhir/tools/StructureDefinition/ig-parameter"><extension url="code"><valueCode value="copyrightyear"/></extension><extension url="value"><valueString value="2020+"/></extension></extension><extension url="http://hl7.org/fhir/tools/StructureDefinition/ig-parameter"><extension url="code"><valueCode value="releaselabel"/></extension><extension url="value"><valueString value="CI Build"/></extension></extension><extension url="http://hl7.org/fhir/tools/StructureDefinition/ig-parameter"><extension url="code"><valueCode value="autoload-resources"/></extension><extension url="value"><valueString value="true"/></extension></extension><extension url="http://hl7.org/fhir/tools/StructureDefinition/ig-parameter"><extension url="code"><valueCode value="path-liquid"/></extension><extension url="value"><valueString value="template/liquid"/></extension></extension><extension url="http://hl7.org/fhir/tools/StructureDefinition/ig-parameter"><extension url="code"><valueCode value="path-liquid"/></extension><extension url="value"><valueString value="input/liquid"/></extension></extension><extension url="http://hl7.org/fhir/tools/StructureDefinition/ig-parameter"><extension url="code"><valueCode value="path-qa"/></extension><extension url="value"><valueString value="temp/qa"/></extension></extension><extension url="http://hl7.org/fhir/tools/StructureDefinition/ig-parameter"><extension url="code"><valueCode value="path-temp"/></extension><extension url="value"><valueString value="temp/pages"/></extension></extension><extension url="http://hl7.org/fhir/tools/StructureDefinition/ig-parameter"><extension url="code"><valueCode value="path-output"/></extension><extension url="value"><valueString value="output"/></extension></extension><extension url="http://hl7.org/fhir/tools/StructureDefinition/ig-parameter"><extension url="code"><valueCode value="path-suppressed-warnings"/></extension><extension url="value"><valueString value="input/ignoreWarnings.txt"/></extension></extension><extension url="http://hl7.org/fhir/tools/StructureDefinition/ig-parameter"><extension url="code"><valueCode value="path-history"/></extension><extension url="value"><valueString value="http://oash.org/fhir/us/opa/history.html"/></extension></extension><extension url="http://hl7.org/fhir/tools/StructureDefinition/ig-parameter"><extension url="code"><valueCode value="template-html"/></extension><extension url="value"><valueString value="template-page.html"/></extension></extension><extension url="http://hl7.org/fhir/tools/StructureDefinition/ig-parameter"><extension url="code"><valueCode value="template-md"/></extension><extension url="value"><valueString value="template-page-md.html"/></extension></extension><extension url="http://hl7.org/fhir/tools/StructureDefinition/ig-parameter"><extension url="code"><valueCode value="apply-contact"/></extension><extension url="value"><valueString value="true"/></extension></extension><extension url="http://hl7.org/fhir/tools/StructureDefinition/ig-parameter"><extension url="code"><valueCode value="apply-context"/></extension><extension url="value"><valueString value="true"/></extension></extension><extension url="http://hl7.org/fhir/tools/StructureDefinition/ig-parameter"><extension url="code"><valueCode value="apply-copyright"/></extension><extension url="value"><valueString value="true"/></extension></extension><extension url="http://hl7.org/fhir/tools/StructureDefinition/ig-parameter"><extension url="code"><valueCode value="apply-license"/></extension><extension url="value"><valueString value="true"/></extension></extension><extension url="http://hl7.org/fhir/tools/StructureDefinition/ig-parameter"><extension url="code"><valueCode value="apply-publisher"/></extension><extension url="value"><valueString value="true"/></extension></extension><extension url="http://hl7.org/fhir/tools/StructureDefinition/ig-parameter"><extension url="code"><valueCode value="apply-version"/></extension><extension url="value"><valueString value="true"/></extension></extension><extension url="http://hl7.org/fhir/tools/StructureDefinition/ig-parameter"><extension url="code"><valueCode value="apply-wg"/></extension><extension url="value"><valueString value="true"/></extension></extension><extension url="http://hl7.org/fhir/tools/StructureDefinition/ig-parameter"><extension url="code"><valueCode value="active-tables"/></extension><extension url="value"><valueString value="true"/></extension></extension><extension url="http://hl7.org/fhir/tools/StructureDefinition/ig-parameter"><extension url="code"><valueCode value="fmm-definition"/></extension><extension url="value"><valueString value="http://hl7.org/fhir/versions.html#maturity"/></extension></extension><extension url="http://hl7.org/fhir/tools/StructureDefinition/ig-parameter"><extension url="code"><valueCode value="propagate-status"/></extension><extension url="value"><valueString value="true"/></extension></extension><extension url="http://hl7.org/fhir/tools/StructureDefinition/ig-parameter"><extension url="code"><valueCode value="excludelogbinaryformat"/></extension><extension url="value"><valueString value="true"/></extension></extension><extension url="http://hl7.org/fhir/tools/StructureDefinition/ig-parameter"><extension url="code"><valueCode value="tabbed-snapshots"/></extension><extension url="value"><valueString value="true"/></extension></extension><extension url="http://hl7.org/fhir/tools/StructureDefinition/ig-parameter"><extension url="code"><valueCode value="apply-jurisdiction"/></extension><extension url="value"><valueString value="false"/></extension></extension><extension url="http://hl7.org/fhir/tools/StructureDefinition/ig-parameter"><extension url="code"><valueCode value="path-expansion-params"/></extension><extension url="value"><valueString value="resources/parameters/expansion-parameters-opa.xml"/></extension></extension><extension url="http://hl7.org/fhir/tools/StructureDefinition/ig-parameter"><extension url="code"><valueCode value="copyrightyear"/></extension><extension url="value"><valueString value="2020+"/></extension></extension><extension url="http://hl7.org/fhir/tools/StructureDefinition/ig-parameter"><extension url="code"><valueCode value="releaselabel"/></extension><extension url="value"><valueString value="CI Build"/></extension></extension><extension url="http://hl7.org/fhir/tools/StructureDefinition/ig-parameter"><extension url="code"><valueCode value="autoload-resources"/></extension><extension url="value"><valueString value="true"/></extension></extension><extension url="http://hl7.org/fhir/tools/StructureDefinition/ig-parameter"><extension url="code"><valueCode value="path-liquid"/></extension><extension url="value"><valueString value="template/liquid"/></extension></extension><extension url="http://hl7.org/fhir/tools/StructureDefinition/ig-parameter"><extension url="code"><valueCode value="path-liquid"/></extension><extension url="value"><valueString value="input/liquid"/></extension></extension><extension url="http://hl7.org/fhir/tools/StructureDefinition/ig-parameter"><extension url="code"><valueCode value="path-qa"/></extension><extension url="value"><valueString value="temp/qa"/></extension></extension><extension url="http://hl7.org/fhir/tools/StructureDefinition/ig-parameter"><extension url="code"><valueCode value="path-temp"/></extension><extension url="value"><valueString value="temp/pages"/></extension></extension><extension url="http://hl7.org/fhir/tools/StructureDefinition/ig-parameter"><extension url="code"><valueCode value="path-output"/></extension><extension url="value"><valueString value="output"/></extension></extension><extension url="http://hl7.org/fhir/tools/StructureDefinition/ig-parameter"><extension url="code"><valueCode value="path-suppressed-warnings"/></extension><extension url="value"><valueString value="input/ignoreWarnings.txt"/></extension></extension><extension url="http://hl7.org/fhir/tools/StructureDefinition/ig-parameter"><extension url="code"><valueCode value="path-history"/></extension><extension url="value"><valueString value="http://oash.org/fhir/us/opa/history.html"/></extension></extension><extension url="http://hl7.org/fhir/tools/StructureDefinition/ig-parameter"><extension url="code"><valueCode value="template-html"/></extension><extension url="value"><valueString value="template-page.html"/></extension></extension><extension url="http://hl7.org/fhir/tools/StructureDefinition/ig-parameter"><extension url="code"><valueCode value="template-md"/></extension><extension url="value"><valueString value="template-page-md.html"/></extension></extension><extension url="http://hl7.org/fhir/tools/StructureDefinition/ig-parameter"><extension url="code"><valueCode value="apply-contact"/></extension><extension url="value"><valueString value="true"/></extension></extension><extension url="http://hl7.org/fhir/tools/StructureDefinition/ig-parameter"><extension url="code"><valueCode value="apply-context"/></extension><extension url="value"><valueString value="true"/></extension></extension><extension url="http://hl7.org/fhir/tools/StructureDefinition/ig-parameter"><extension url="code"><valueCode value="apply-copyright"/></extension><extension url="value"><valueString value="true"/></extension></extension><extension url="http://hl7.org/fhir/tools/StructureDefinition/ig-parameter"><extension url="code"><valueCode value="apply-license"/></extension><extension url="value"><valueString value="true"/></extension></extension><extension url="http://hl7.org/fhir/tools/StructureDefinition/ig-parameter"><extension url="code"><valueCode value="apply-publisher"/></extension><extension url="value"><valueString value="true"/></extension></extension><extension url="http://hl7.org/fhir/tools/StructureDefinition/ig-parameter"><extension url="code"><valueCode value="apply-version"/></extension><extension url="value"><valueString value="true"/></extension></extension><extension url="http://hl7.org/fhir/tools/StructureDefinition/ig-parameter"><extension url="code"><valueCode value="apply-wg"/></extension><extension url="value"><valueString value="true"/></extension></extension><extension url="http://hl7.org/fhir/tools/StructureDefinition/ig-parameter"><extension url="code"><valueCode value="active-tables"/></extension><extension url="value"><valueString value="true"/></extension></extension><extension url="http://hl7.org/fhir/tools/StructureDefinition/ig-parameter"><extension url="code"><valueCode value="fmm-definition"/></extension><extension url="value"><valueString value="http://hl7.org/fhir/versions.html#maturity"/></extension></extension><extension url="http://hl7.org/fhir/tools/StructureDefinition/ig-parameter"><extension url="code"><valueCode value="propagate-status"/></extension><extension url="value"><valueString value="true"/></extension></extension><extension url="http://hl7.org/fhir/tools/StructureDefinition/ig-parameter"><extension url="code"><valueCode value="excludelogbinaryformat"/></extension><extension url="value"><valueString value="true"/></extension></extension><extension url="http://hl7.org/fhir/tools/StructureDefinition/ig-parameter"><extension url="code"><valueCode value="tabbed-snapshots"/></extension><extension url="value"><valueString value="true"/></extension></extension><grouping id="new-group6"><name value="Submission Bundles Profiles"/></grouping><grouping id="new-group5"><name value="OPA General Profiles"/></grouping><grouping id="new-group7"><name value="OPA Extensions"/></grouping><grouping id="new-group2"><name value="Family Planning Observation Profiles"/></grouping><grouping id="new-group1"><name value="Lab Testing Profiles"/></grouping><grouping id="new-group11"><name value="Submission Bundle Examples"/></grouping><grouping id="new-group3"><name value="OPA General Examples"/></grouping><grouping id="new-group8"><name value="Family Planning Observation Examples"/></grouping><grouping id="new-group9"><name value="Lab Testing Examples - Preliminary"/></grouping><grouping id="new-group10"><name value="Lab Testing Examples - Final"/></grouping><grouping id="new-group4"><name value="Terminology"/></grouping><resource><extension url="http://hl7.org/fhir/tools/StructureDefinition/resource-sort"><valueInteger value="999999999"/></extension><extension url="http://hl7.org/fhir/StructureDefinition/implementationguide-page"><valueUri value="StructureDefinition-encounter-submission-full-report.html"/></extension><reference><reference value="StructureDefinition/encounter-submission-full-report"/><display value="EncounterSubmissionFullReport"/></reference><name value="Encounter Submission Full Report"/><description value="The Bundle Profile defines how all encounter data (DEs #1-43) are to be submitted as a FHIR Bundle. Note- subsequent lab result reports should not use this profile (see Subsequent Lab Result Submission Bundle profile).&#xA;&#xA;Only ordered STI tests, regardless of result availability, should be included in submission Bundles. For example, if a Patient has Chlamydia, HIV, Syphilis and HPV tests ordered (i.e. no Gonorrhoeae or Pap Smear tests ordered), this Patient’s full Encounter Submission Bundle would include four STI Lab Observation Bundle entries (one pertaining to each ordered test). The submission Bundle will never contain any data pertaining to not-ordered lab tests. In the above example scenario, this Patient’s full submission Bundle would not contain Observation entries pertaining to Gonorrhoeae or Pap Smear).&#xA;&#xA;STI Lab Observations that have been ordered but do not have a result available for any reason are expected to contain an Observation.status=preliminary. If/When the result becomes available, a Subsequent Lab Result Submission Bundle should be compiled and submitted."/><exampleBoolean value="false"/><groupingId value="new-group6"/></resource><resource><extension url="http://hl7.org/fhir/tools/StructureDefinition/resource-sort"><valueInteger value="999999999"/></extension><extension url="http://hl7.org/fhir/StructureDefinition/implementationguide-page"><valueUri value="StructureDefinition-subsequent-lab-results-submission.html"/></extension><reference><reference value="StructureDefinition/subsequent-lab-results-submission"/><display value="SubsequentLabResultSubmission"/></reference><name value="Subsequent Lab Result Submission"/><description value="Subsequent Lab Result Submission Profile defines a subsequent lab results Bundle for submission. Submission Bundles conforming to this profile are only expected subsequently to an initial Encounter Submission Full Report. Subsequent Lab Result Bundles SHALL contain an 'originalBundleReference' extension which includes a valueIdentifier pertaining to the Bundle.identifier of the original Encounter Submission Full Report Bundle."/><exampleBoolean value="false"/><groupingId value="new-group6"/></resource><resource><extension url="http://hl7.org/fhir/tools/StructureDefinition/resource-sort"><valueInteger value="999999999"/></extension><extension url="http://hl7.org/fhir/StructureDefinition/implementationguide-page"><valueUri value="StructureDefinition-opa-patient.html"/></extension><reference><reference value="StructureDefinition/opa-patient"/><display value="OPA Patient"/></reference><name value="OPA Patient"/><description value="OPA Patient conforms to US Core Patient and requires birthDate (DE#4, #6, #7, #8, #9, #10, #43)"/><exampleBoolean value="false"/><groupingId value="new-group5"/></resource><resource><extension url="http://hl7.org/fhir/tools/StructureDefinition/resource-sort"><valueInteger value="999999999"/></extension><extension url="http://hl7.org/fhir/StructureDefinition/implementationguide-page"><valueUri value="StructureDefinition-opa-encounter.html"/></extension><reference><reference value="StructureDefinition/opa-encounter"/><display value="OPAEncounter"/></reference><name value="OPA Encounter"/><description value="US Core Encounter with .period required (DE#5)"/><exampleBoolean value="false"/><groupingId value="new-group5"/></resource><resource><extension url="http://hl7.org/fhir/tools/StructureDefinition/resource-sort"><valueInteger value="999999999"/></extension><extension url="http://hl7.org/fhir/StructureDefinition/implementationguide-page"><valueUri value="StructureDefinition-opa-practitioner-role.html"/></extension><reference><reference value="StructureDefinition/opa-practitioner-role"/><display value="OPAPractitionerRole"/></reference><name value="OPA Provider Role"/><description value="PractitionerRole profile bound to an allowable subset of PractitionerRole codes (DE#2, #3)"/><exampleBoolean value="false"/><groupingId value="new-group5"/></resource><resource><extension url="http://hl7.org/fhir/tools/StructureDefinition/resource-sort"><valueInteger value="999999999"/></extension><extension url="http://hl7.org/fhir/StructureDefinition/implementationguide-page"><valueUri value="StructureDefinition-fp-provider-organization.html"/></extension><reference><reference value="StructureDefinition/fp-provider-organization"/><display value="FamilyPlanningProviderOrganization"/></reference><name value="OPA Family Planning Provider Organization"/><description value="Family Planning Provider Organization (DE#1)"/><exampleBoolean value="false"/><groupingId value="new-group5"/></resource><resource><extension url="http://hl7.org/fhir/tools/StructureDefinition/resource-sort"><valueInteger value="999999999"/></extension><extension url="http://hl7.org/fhir/StructureDefinition/implementationguide-page"><valueUri value="StructureDefinition-payer-for-visit.html"/></extension><reference><reference value="StructureDefinition/payer-for-visit"/><display value="PayerForVisit"/></reference><name value="Payer For Visit"/><description value="Extension for Payer For Visit (DE#14)"/><exampleBoolean value="false"/><groupingId value="new-group7"/></resource><resource><extension url="http://hl7.org/fhir/tools/StructureDefinition/resource-sort"><valueInteger value="999999999"/></extension><extension url="http://hl7.org/fhir/StructureDefinition/implementationguide-page"><valueUri value="StructureDefinition-insurance-type.html"/></extension><reference><reference value="StructureDefinition/insurance-type"/><display value="InsuranceType"/></reference><name value="Insurance Coverage Type"/><description value="Extension for Insurance Coverage Type (DE#13)"/><exampleBoolean value="false"/><groupingId value="new-group7"/></resource><resource><extension url="http://hl7.org/fhir/tools/StructureDefinition/resource-sort"><valueInteger value="999999999"/></extension><extension url="http://hl7.org/fhir/StructureDefinition/implementationguide-page"><valueUri value="StructureDefinition-english-proficiency.html"/></extension><reference><reference value="StructureDefinition/english-proficiency"/><display value="EnglishProficiencyExtension"/></reference><name value="English Proficiency"/><description value="Extension to convey Limited English Proficiency (DE#8). This extension is expected to extend Patient.communication."/><exampleBoolean value="false"/><groupingId value="new-group7"/></resource><resource><extension url="http://hl7.org/fhir/tools/StructureDefinition/resource-sort"><valueInteger value="999999999"/></extension><extension url="http://hl7.org/fhir/StructureDefinition/implementationguide-page"><valueUri value="StructureDefinition-client-asserted-sex.html"/></extension><reference><reference value="StructureDefinition/client-asserted-sex"/><display value="ClientAssertedSex"/></reference><name value="Client Asserted Sex"/><description value="'Sex' as asserted by the Patient (client)"/><exampleBoolean value="false"/><groupingId value="new-group7"/></resource><resource><extension url="http://hl7.org/fhir/tools/StructureDefinition/resource-sort"><valueInteger value="999999999"/></extension><extension url="http://hl7.org/fhir/StructureDefinition/implementationguide-page"><valueUri value="StructureDefinition-contraceptive-method-intake.html"/></extension><reference><reference value="StructureDefinition/contraceptive-method-intake"/><display value="ContraceptiveMethodIntake"/></reference><name value="Contraceptive Method - Intake"/><description value="Contraceptive method at intake (DE#17)"/><exampleBoolean value="false"/><groupingId value="new-group2"/></resource><resource><extension url="http://hl7.org/fhir/tools/StructureDefinition/resource-sort"><valueInteger value="999999999"/></extension><extension url="http://hl7.org/fhir/StructureDefinition/implementationguide-page"><valueUri value="StructureDefinition-contraceptive-method-exit.html"/></extension><reference><reference value="StructureDefinition/contraceptive-method-exit"/><display value="ContraceptiveMethodExit"/></reference><name value="Contraceptive Method - Exit"/><description value="Contraceptive method at exit (DE#19)"/><exampleBoolean value="false"/><groupingId value="new-group2"/></resource><resource><extension url="http://hl7.org/fhir/tools/StructureDefinition/resource-sort"><valueInteger value="999999999"/></extension><extension url="http://hl7.org/fhir/StructureDefinition/implementationguide-page"><valueUri value="StructureDefinition-no-contraceptive-reason-intake.html"/></extension><reference><reference value="StructureDefinition/no-contraceptive-reason-intake"/><display value="NoContraceptiveReasonIntake"/></reference><name value="Reason For No Contraceptive - Intake"/><description value="Reason for no contraceptive method use at intake (DE#18)"/><exampleBoolean value="false"/><groupingId value="new-group2"/></resource><resource><extension url="http://hl7.org/fhir/tools/StructureDefinition/resource-sort"><valueInteger value="999999999"/></extension><extension url="http://hl7.org/fhir/StructureDefinition/implementationguide-page"><valueUri value="StructureDefinition-no-contraceptive-reason-exit.html"/></extension><reference><reference value="StructureDefinition/no-contraceptive-reason-exit"/><display value="NoContraceptiveReasonExit"/></reference><name value="Reason For No Contraceptive - Exit"/><description value="Reason for no contraceptive method use at exit (DE#20)"/><exampleBoolean value="false"/><groupingId value="new-group2"/></resource><resource><extension url="http://hl7.org/fhir/tools/StructureDefinition/resource-sort"><valueInteger value="999999999"/></extension><extension url="http://hl7.org/fhir/StructureDefinition/implementationguide-page"><valueUri value="StructureDefinition-contraceptive-counseling.html"/></extension><reference><reference value="StructureDefinition/contraceptive-counseling"/><display value="ContraceptiveCounseling"/></reference><name value="Contraceptive Counseling"/><description value="How contraceptive counseling was provided (DE #21). If counseling was not provided, use Observation.dataAbsentReason (DE#22). Observation.valueCodeableConcept should contain one of the allowable VSAC codes for how counseling was provided."/><exampleBoolean value="false"/><groupingId value="new-group2"/></resource><resource><extension url="http://hl7.org/fhir/tools/StructureDefinition/resource-sort"><valueInteger value="999999999"/></extension><extension url="http://hl7.org/fhir/StructureDefinition/implementationguide-page"><valueUri value="StructureDefinition-pregnancy-counseling.html"/></extension><reference><reference value="StructureDefinition/pregnancy-counseling"/><display value="PregnancyCounseling"/></reference><name value="Pregnancy Counseling"/><description value="Pregnancy Counseling was provided (DE#23)"/><exampleBoolean value="false"/><groupingId value="new-group2"/></resource><resource><extension url="http://hl7.org/fhir/tools/StructureDefinition/resource-sort"><valueInteger value="999999999"/></extension><extension url="http://hl7.org/fhir/StructureDefinition/implementationguide-page"><valueUri value="StructureDefinition-seeking-counseling.html"/></extension><reference><reference value="StructureDefinition/seeking-counseling"/><display value="SeekingCounseling"/></reference><name value="Seeking Counseling"/><description value="Observation to convey 'Do you want to talk about contraceptive or pregnancy prevention during your visit today?' (DE#41)"/><exampleBoolean value="false"/><groupingId value="new-group2"/></resource><resource><extension url="http://hl7.org/fhir/tools/StructureDefinition/resource-sort"><valueInteger value="999999999"/></extension><extension url="http://hl7.org/fhir/StructureDefinition/implementationguide-page"><valueUri value="StructureDefinition-household-income.html"/></extension><reference><reference value="StructureDefinition/household-income"/><display value="HouseholdIncome"/></reference><name value="Household Income"/><description value="Household income profile (DE#11)"/><exampleBoolean value="false"/><groupingId value="new-group2"/></resource><resource><extension url="http://hl7.org/fhir/tools/StructureDefinition/resource-sort"><valueInteger value="999999999"/></extension><extension url="http://hl7.org/fhir/StructureDefinition/implementationguide-page"><valueUri value="StructureDefinition-household-size.html"/></extension><reference><reference value="StructureDefinition/household-size"/><display value="HouseholdSize"/></reference><name value="Household Size"/><description value="Placeholder text for household size (DE#12)"/><exampleBoolean value="false"/><groupingId value="new-group2"/></resource><resource><extension url="http://hl7.org/fhir/tools/StructureDefinition/resource-sort"><valueInteger value="999999999"/></extension><extension url="http://hl7.org/fhir/StructureDefinition/implementationguide-page"><valueUri value="StructureDefinition-neisseria-gonorrhoeae-result.html"/></extension><reference><reference value="StructureDefinition/neisseria-gonorrhoeae-result"/><display value="NeisseriaGonorrhoeaeResult"/></reference><name value="Neisseria Gonorrhoeae Result"/><description value="Neisseria Gonorrhoeae Result (DE#36). If a Neisseria Gonorrhoeae test was not performed at this visit (DE#35), the submission Bundle should not include an Observation (entry) representing this lab result."/><exampleBoolean value="false"/><groupingId value="new-group1"/></resource><resource><extension url="http://hl7.org/fhir/tools/StructureDefinition/resource-sort"><valueInteger value="999999999"/></extension><extension url="http://hl7.org/fhir/StructureDefinition/implementationguide-page"><valueUri value="StructureDefinition-chlamydia-result.html"/></extension><reference><reference value="StructureDefinition/chlamydia-result"/><display value="ChlamydiaTrachomatisResult"/></reference><name value="Chlamydia Trachomatis Result"/><description value="Chlamydia Trachomatis Result (DE#34). If a Chlamydia Trachomatis test was not performed in this visit (DE#33), the submission Bundle should not include an Observation (entry) representing this lab result."/><exampleBoolean value="false"/><groupingId value="new-group1"/></resource><resource><extension url="http://hl7.org/fhir/tools/StructureDefinition/resource-sort"><valueInteger value="999999999"/></extension><extension url="http://hl7.org/fhir/StructureDefinition/implementationguide-page"><valueUri value="StructureDefinition-pap-smear-result.html"/></extension><reference><reference value="StructureDefinition/pap-smear-result"/><display value="PapSmearResult"/></reference><name value="Pap Smear Result"/><description value="Pap Smear Result (DE#30). If a pap smear test was not performed in this visit (DE#29), the submission Bundle should not include an Observation (entry) representing this lab result."/><exampleBoolean value="false"/><groupingId value="new-group1"/></resource><resource><extension url="http://hl7.org/fhir/tools/StructureDefinition/resource-sort"><valueInteger value="999999999"/></extension><extension url="http://hl7.org/fhir/StructureDefinition/implementationguide-page"><valueUri value="StructureDefinition-hiv-1-2-result.html"/></extension><reference><reference value="StructureDefinition/hiv-1-2-result"/><display value="HIV1and2Result"/></reference><name value="HIV 1&amp;2 Result"/><description value="HIV 1&amp;2 Result (DE#32). If a HIV test was not performed in this visit (DE#31), the submission Bundle should not include an Observation (entry) representing this lab result."/><exampleBoolean value="false"/><groupingId value="new-group1"/></resource><resource><extension url="http://hl7.org/fhir/tools/StructureDefinition/resource-sort"><valueInteger value="999999999"/></extension><extension url="http://hl7.org/fhir/StructureDefinition/implementationguide-page"><valueUri value="StructureDefinition-syphilis-result.html"/></extension><reference><reference value="StructureDefinition/syphilis-result"/><display value="SyphilisResult"/></reference><name value="Syphilis Result"/><description value="Syphilis Result (DE#40). If a Syphilis test was not performed in this visit (DE#39), the submission Bundle should not include an Observation (entry) representing this lab result."/><exampleBoolean value="false"/><groupingId value="new-group1"/></resource><resource><extension url="http://hl7.org/fhir/tools/StructureDefinition/resource-sort"><valueInteger value="999999999"/></extension><extension url="http://hl7.org/fhir/StructureDefinition/implementationguide-page"><valueUri value="StructureDefinition-hpv-result.html"/></extension><reference><reference value="StructureDefinition/hpv-result"/><display value="HPVResult"/></reference><name value="HPV Result"/><description value="HPV Result (DE#32). If HPV test was not performed in this visit (DE#31), the submission Bundle should not include an Observation (entry) representing this lab result."/><exampleBoolean value="false"/><groupingId value="new-group1"/></resource><resource><extension url="http://hl7.org/fhir/tools/StructureDefinition/resource-sort"><valueInteger value="999999999"/></extension><extension url="http://hl7.org/fhir/StructureDefinition/implementationguide-page"><valueUri value="Bundle-example-opa-full-encounter-submission-bundle-1.html"/></extension><reference><reference value="Bundle/example-opa-full-encounter-submission-bundle-1"/></reference><name value="Encounter Submission Full Report Example"/><description value="This Bundle exemplifies a scenario of an encounter where the Patient reported using an oral contraceptive at intake, had a contraceptive provision method of a procedure during the encounter, and at exit, reported contraceptive method of an IUD.&#xA;&#xA;The following information was documented: patient, provider and encounter details, vital signs for blood pressure, height and weight, smoking status, sexual orientation, pregnancy status and intent, contraceptive method at intake and exit, reason for no contraceptive use at intake, contraceptive and pregnancy counseling provided, and five possible STI lab tests (pending pap-smear, HPV, Chlamydia, Gonorrhoaea, and HIV).&#xA;&#xA;Note the pap smear Observation exemplifies a pending/preliminary result (Observation.status=preliminary and .value is omitted). No test for syphilis was ordered as part of this example encounter and therefore, no Observation pertaining to Syphilis is included in this Bundle.&#xA;&#xA;Because contraceptive methods at intake and exit were provided, reasons for no contraceptive method (at intake and exit) are omitted from this Bundle."/><exampleBoolean value="true"/><groupingId value="new-group11"/></resource><resource><extension url="http://hl7.org/fhir/tools/StructureDefinition/resource-sort"><valueInteger value="999999999"/></extension><extension url="http://hl7.org/fhir/StructureDefinition/implementationguide-page"><valueUri value="Bundle-example-opa-full-encounter-submission-bundle-2.html"/></extension><reference><reference value="Bundle/example-opa-full-encounter-submission-bundle-2"/></reference><name value="Encounter Submission Full Report Example 2"/><description value="This Bundle example exemplifies a scenario of an encounter where the Patient reported no contraceptive use because she wants to become pregnant, and has responded ‘true’ in response to ‘Counseling to achieve pregnancy was provided’ (Observation.code=86655-8). This Patient therefore does not have contraceptive counseling provided (i.e. Contraceptive Counseling Observation is omitted). This Patient also has a pregnancy status of ‘not pregnant’ and a pregnancy intent of ‘wants to become pregnant’.&#xA;&#xA;This Patient is also an ex-smoker, has a heterosexual sexual orientation. This example does not include any STI tests/results."/><exampleBoolean value="true"/><groupingId value="new-group11"/></resource><resource><extension url="http://hl7.org/fhir/tools/StructureDefinition/resource-sort"><valueInteger value="999999999"/></extension><extension url="http://hl7.org/fhir/StructureDefinition/implementationguide-page"><valueUri value="Bundle-example-opa-full-encounter-submission-bundle-3.html"/></extension><reference><reference value="Bundle/example-opa-full-encounter-submission-bundle-3"/></reference><name value="Encounter Submission Full Report Example 3"/><description value="This Bundle exemplifies a scenario of multiple encounters where the Patient is seeking lab testing for chlamydia and has required multiple STI tests for diagnosis and treatment. The following information was documented: patient, provider and encounter details, vital signs for blood pressure, height and weight, smoking status, sexual orientation, and three chlamydia lab tests; one lab test that was deemed inconclusive, a second test that was taken a month later and was found to be positive, and a third preliminary test to retest the patient after treatment. Because contraceptive methods at intake and exit were provided, reasons for no contraceptive method (at intake and exit) are omitted from this Bundle."/><exampleBoolean value="true"/><groupingId value="new-group11"/></resource><resource><extension url="http://hl7.org/fhir/tools/StructureDefinition/resource-sort"><valueInteger value="999999999"/></extension><extension url="http://hl7.org/fhir/StructureDefinition/implementationguide-page"><valueUri value="Bundle-example-opa-subsequent-lab-result-submission-bundle.html"/></extension><reference><reference value="Bundle/example-opa-subsequent-lab-result-submission-bundle"/></reference><name value="Subsequent Lab Result Submission Bundle"/><description value="This Bundle exemplifies the finalization of a the pap-smear Lab Result Observation. Subsequent Lab Result Bundle.identifier SHALL match (system and value) the Bundle.identifier of the Bundle to which it is associated."/><exampleBoolean value="true"/><groupingId value="new-group11"/></resource><resource><extension url="http://hl7.org/fhir/tools/StructureDefinition/resource-sort"><valueInteger value="999999999"/></extension><extension url="http://hl7.org/fhir/StructureDefinition/implementationguide-page"><valueUri value="Patient-example-opa-patient.html"/></extension><reference><reference value="Patient/example-opa-patient"/></reference><name value="OPA Patient example"/><description value="OPA Patient example"/><exampleCanonical value="http://oash.org/fhir/us/opa/StructureDefinition/opa-patient"/><groupingId value="new-group3"/></resource><resource><extension url="http://hl7.org/fhir/tools/StructureDefinition/resource-sort"><valueInteger value="999999999"/></extension><extension url="http://hl7.org/fhir/StructureDefinition/implementationguide-page"><valueUri value="Encounter-example-opa-encounter.html"/></extension><reference><reference value="Encounter/example-opa-encounter"/></reference><name value="OPA Encounter example"/><description value="OPA Encounter example"/><exampleCanonical value="http://oash.org/fhir/us/opa/StructureDefinition/opa-encounter"/><groupingId value="new-group3"/></resource><resource><extension url="http://hl7.org/fhir/tools/StructureDefinition/resource-sort"><valueInteger value="999999999"/></extension><extension url="http://hl7.org/fhir/StructureDefinition/implementationguide-page"><valueUri value="PractitionerRole-example-opa-practitioner-role.html"/></extension><reference><reference value="PractitionerRole/example-opa-practitioner-role"/></reference><name value="OPA PractitionerRole example"/><description value="OPA PractitionerRole example"/><exampleCanonical value="http://oash.org/fhir/us/opa/StructureDefinition/opa-practitioner-role"/><groupingId value="new-group3"/></resource><resource><extension url="http://hl7.org/fhir/tools/StructureDefinition/resource-sort"><valueInteger value="999999999"/></extension><extension url="http://hl7.org/fhir/StructureDefinition/implementationguide-page"><valueUri value="Practitioner-example-opa-practitioner.html"/></extension><reference><reference value="Practitioner/example-opa-practitioner"/></reference><name value="Practitioner example (US Core)"/><description value="US Core Practitioner example"/><exampleBoolean value="true"/><groupingId value="new-group3"/></resource><resource><extension url="http://hl7.org/fhir/tools/StructureDefinition/resource-sort"><valueInteger value="999999999"/></extension><extension url="http://hl7.org/fhir/StructureDefinition/implementationguide-page"><valueUri value="Organization-example-opa-fp-provider-organization.html"/></extension><reference><reference value="Organization/example-opa-fp-provider-organization"/><display value="OPA Family Planning Clinic example"/></reference><name value="OPA Family Planning Clinic example"/><description value="OPA Family Planning Clinic example"/><exampleCanonical value="http://oash.org/fhir/us/core/StructureDefinition/fp-provider-organization"/><groupingId value="new-group3"/></resource><resource><extension url="http://hl7.org/fhir/tools/StructureDefinition/resource-sort"><valueInteger value="999999999"/></extension><extension url="http://hl7.org/fhir/StructureDefinition/implementationguide-page"><valueUri value="Observation-example-opa-blood-pressure.html"/></extension><reference><reference value="Observation/example-opa-blood-pressure"/></reference><name value="Blood Pressure example (US Core)"/><description value="Blood Pressure example (US Core)"/><exampleCanonical value="http://hl7.org/fhir/us/core/StructureDefinition/us-core-blood-pressure"/><groupingId value="new-group3"/></resource><resource><extension url="http://hl7.org/fhir/tools/StructureDefinition/resource-sort"><valueInteger value="999999999"/></extension><extension url="http://hl7.org/fhir/StructureDefinition/implementationguide-page"><valueUri value="Observation-example-opa-body-height.html"/></extension><reference><reference value="Observation/example-opa-body-height"/></reference><name value="Body Height example (US Core)"/><description value="Body Height example (US Core)"/><exampleCanonical value="http://hl7.org/fhir/us/core/StructureDefinition/us-core-body-height"/><groupingId value="new-group3"/></resource><resource><extension url="http://hl7.org/fhir/tools/StructureDefinition/resource-sort"><valueInteger value="999999999"/></extension><extension url="http://hl7.org/fhir/StructureDefinition/implementationguide-page"><valueUri value="Observation-example-opa-body-weight.html"/></extension><reference><reference value="Observation/example-opa-body-weight"/></reference><name value="Body Weight example (US Core)"/><description value="Body Weight example (US Core)"/><exampleCanonical value="http://hl7.org/fhir/us/core/StructureDefinition/us-core-body-weight"/><groupingId value="new-group3"/></resource><resource><extension url="http://hl7.org/fhir/tools/StructureDefinition/resource-sort"><valueInteger value="999999999"/></extension><extension url="http://hl7.org/fhir/StructureDefinition/implementationguide-page"><valueUri value="Observation-example-opa-smoking-status.html"/></extension><reference><reference value="Observation/example-opa-smoking-status"/></reference><name value="Smoking Status example (US Core)"/><description value="Smoking Status example (US Core)"/><exampleCanonical value="http://hl7.org/fhir/us/core/StructureDefinition/us-core-smokingstatus"/><groupingId value="new-group3"/></resource><resource><extension url="http://hl7.org/fhir/tools/StructureDefinition/resource-sort"><valueInteger value="999999999"/></extension><extension url="http://hl7.org/fhir/StructureDefinition/implementationguide-page"><valueUri value="Observation-example-opa-sexual-orientation.html"/></extension><reference><reference value="Observation/example-opa-sexual-orientation"/></reference><name value="Sexual Orientation example (US Core)"/><description value="Sexual Orientation example (DE#42). Pregnancy Status Observations shall conform to US Core Sexual Orientation profile"/><exampleCanonical value="http://hl7.org/fhir/us/core/StructureDefinition/us-core-observation-sexual-orientation"/><groupingId value="new-group3"/></resource><resource><extension url="http://hl7.org/fhir/tools/StructureDefinition/resource-sort"><valueInteger value="999999999"/></extension><extension url="http://hl7.org/fhir/StructureDefinition/implementationguide-page"><valueUri value="Observation-example-opa-pregnancy-status.html"/></extension><reference><reference value="Observation/example-opa-pregnancy-status"/><display value="Pregnancy Status example"/></reference><name value="Pregnancy Status example (US Core)"/><description value="Pregnancy Status example (DE#15). Pregnancy Status Observations shall conform to US Core Pregnancy Status profile"/><exampleCanonical value="http://hl7.org/fhir/us/core/StructureDefinition/us-core-observation-pregnancystatus"/><groupingId value="new-group3"/></resource><resource><extension url="http://hl7.org/fhir/tools/StructureDefinition/resource-sort"><valueInteger value="999999999"/></extension><extension url="http://hl7.org/fhir/StructureDefinition/implementationguide-page"><valueUri value="Observation-example-opa-pregnancy-intent.html"/></extension><reference><reference value="Observation/example-opa-pregnancy-intent"/><display value="Pregnancy Intention example"/></reference><name value="Pregnancy Intention example (US Core)"/><description value="Pregnancy intention example (DE#16). Pregnancy Intention Observations shall conform to US Core Pregnancy Intention profile"/><exampleCanonical value="http://hl7.org/fhir/us/core/StructureDefinition/us-core-observation-pregnancyintent"/><groupingId value="new-group3"/></resource><resource><extension url="http://hl7.org/fhir/tools/StructureDefinition/resource-sort"><valueInteger value="999999999"/></extension><extension url="http://hl7.org/fhir/StructureDefinition/implementationguide-page"><valueUri value="Observation-example-opa-contraceptive-counseling.html"/></extension><reference><reference value="Observation/example-opa-contraceptive-counseling"/><display value="Contraceptive Counseling- Intake Observation example"/></reference><name value="Contraceptive Counseling- Intake Observation example"/><description value="Contraceptive Counseling- Intake Observation example"/><exampleCanonical value="http://oash.org/fhir/us/opa/StructureDefinition/contraceptive-counseling"/><groupingId value="new-group8"/></resource><resource><extension url="http://hl7.org/fhir/tools/StructureDefinition/resource-sort"><valueInteger value="999999999"/></extension><extension url="http://hl7.org/fhir/StructureDefinition/implementationguide-page"><valueUri value="Observation-example-opa-contraceptive-counseling-not-given.html"/></extension><reference><reference value="Observation/example-opa-contraceptive-counseling-not-given"/><display value="Contraceptive Counseling not given example"/></reference><name value="Contraceptive Counseling not given example"/><description value="Contraceptive Counseling not given example"/><exampleCanonical value="http://oash.org/fhir/us/opa/StructureDefinition/contraceptive-counciling"/><groupingId value="new-group8"/></resource><resource><extension url="http://hl7.org/fhir/tools/StructureDefinition/resource-sort"><valueInteger value="999999999"/></extension><extension url="http://hl7.org/fhir/StructureDefinition/implementationguide-page"><valueUri value="Observation-example-opa-contraceptive-method-intake.html"/></extension><reference><reference value="Observation/example-opa-contraceptive-method-intake"/><display value="Contraceptive Method - Intake Observation example"/></reference><name value="Contraceptive Method - Intake Observation example"/><description value="Contraceptive Method - Intake Observation example"/><exampleCanonical value="http://oash.org/fhir/us/opa/StructureDefinition/contraceptive-method-intake"/><groupingId value="new-group8"/></resource><resource><extension url="http://hl7.org/fhir/tools/StructureDefinition/resource-sort"><valueInteger value="999999999"/></extension><extension url="http://hl7.org/fhir/StructureDefinition/implementationguide-page"><valueUri value="Observation-example-opa-contraceptive-method-exit.html"/></extension><reference><reference value="Observation/example-opa-contraceptive-method-exit"/><display value="Contraceptive Method - Exit Observation example"/></reference><name value="Contraceptive Method - Exit Observation example"/><description value="Contraceptive Method - Exit Observation example"/><exampleCanonical value="http://oash.org/fhir/us/opa/StructureDefinition/contraceptive-method-exit"/><groupingId value="new-group8"/></resource><resource><extension url="http://hl7.org/fhir/tools/StructureDefinition/resource-sort"><valueInteger value="999999999"/></extension><extension url="http://hl7.org/fhir/StructureDefinition/implementationguide-page"><valueUri value="Observation-example-opa-no-contraceptive-method-intake.html"/></extension><reference><reference value="Observation/example-opa-no-contraceptive-method-intake"/><display value="No Contraceptive Method - Intake example"/></reference><name value="No Contraceptive Method - Intake example"/><description value="No Contraceptive Method - Intake example"/><exampleCanonical value="http://oash.org/fhir/us/opa/StructureDefinition/no-contraceptive-reason-intake"/><groupingId value="new-group8"/></resource><resource><extension url="http://hl7.org/fhir/tools/StructureDefinition/resource-sort"><valueInteger value="999999999"/></extension><extension url="http://hl7.org/fhir/StructureDefinition/implementationguide-page"><valueUri value="Observation-example-opa-no-contraceptive-method-exit.html"/></extension><reference><reference value="Observation/example-opa-no-contraceptive-method-exit"/><display value="No Contraceptive Method - Exit example"/></reference><name value="No Contraceptive Method - Exit example"/><description value="No Contraceptive Method - Exit example"/><exampleCanonical value="http://oash.org/fhir/us/opa/StructureDefinition/no-contraceptive-reason-exit"/><groupingId value="new-group8"/></resource><resource><extension url="http://hl7.org/fhir/tools/StructureDefinition/resource-sort"><valueInteger value="999999999"/></extension><extension url="http://hl7.org/fhir/StructureDefinition/implementationguide-page"><valueUri value="Observation-example-opa-pregnancy-counseling.html"/></extension><reference><reference value="Observation/example-opa-pregnancy-counseling"/><display value="Pregnancy Counseling example"/></reference><name value="Pregnancy Counseling example"/><description value="Pregnancy Counseling example"/><exampleCanonical value="http://oash.org/fhir/us/opa/StructureDefinition/pregnancy-counseling"/><groupingId value="new-group8"/></resource><resource><extension url="http://hl7.org/fhir/tools/StructureDefinition/resource-sort"><valueInteger value="999999999"/></extension><extension url="http://hl7.org/fhir/StructureDefinition/implementationguide-page"><valueUri value="Observation-example-opa-seeking-counseling.html"/></extension><reference><reference value="Observation/example-opa-seeking-counseling"/><display value="Seeking Counseling example"/></reference><name value="Seeking Counseling example"/><description value="Seeking Counseling example"/><exampleBoolean value="true"/><groupingId value="new-group8"/></resource><resource><extension url="http://hl7.org/fhir/tools/StructureDefinition/resource-sort"><valueInteger value="999999999"/></extension><extension url="http://hl7.org/fhir/StructureDefinition/implementationguide-page"><valueUri value="Observation-example-opa-household-income.html"/></extension><reference><reference value="Observation/example-opa-household-income"/><display value="Household Income example"/></reference><name value="Household Income example"/><description value="Household Income example"/><exampleCanonical value="http://oash.org/fhir/us/opa/StructureDefinition/household-income"/><groupingId value="new-group8"/></resource><resource><extension url="http://hl7.org/fhir/tools/StructureDefinition/resource-sort"><valueInteger value="999999999"/></extension><extension url="http://hl7.org/fhir/StructureDefinition/implementationguide-page"><valueUri value="Observation-example-opa-household-size.html"/></extension><reference><reference value="Observation/example-opa-household-size"/><display value="Household Size example"/></reference><name value="Household Size example"/><description value="Household Size example"/><exampleCanonical value="http://oash.org/fhir/us/opa/StructureDefinition/household-size"/><groupingId value="new-group8"/></resource><resource><extension url="http://hl7.org/fhir/tools/StructureDefinition/resource-sort"><valueInteger value="999999999"/></extension><extension url="http://hl7.org/fhir/StructureDefinition/implementationguide-page"><valueUri value="Observation-example-opa-pap-smear-result-prelim.html"/></extension><reference><reference value="Observation/example-opa-pap-smear-result-prelim"/></reference><name value="Pap Smear Lab Result example - Preliminary"/><description value="Pap Smear Lab Result example - Preliminary"/><exampleCanonical value="http://oash.org/fhir/us/opa/StructureDefinition/pap-smear-result"/><groupingId value="new-group9"/></resource><resource><extension url="http://hl7.org/fhir/tools/StructureDefinition/resource-sort"><valueInteger value="999999999"/></extension><extension url="http://hl7.org/fhir/StructureDefinition/implementationguide-page"><valueUri value="Observation-example-opa-chlamydia-result-prelim.html"/></extension><reference><reference value="Observation/example-opa-chlamydia-result-prelim"/></reference><name value="Chlamydia Lab Result example - Preliminary"/><description value="Chlamydia Lab Result example - Preliminary"/><exampleCanonical value="http://oash.org/fhir/us/opa/StructureDefinition/chlamydia-result"/><groupingId value="new-group9"/></resource><resource><extension url="http://hl7.org/fhir/tools/StructureDefinition/resource-sort"><valueInteger value="999999999"/></extension><extension url="http://hl7.org/fhir/StructureDefinition/implementationguide-page"><valueUri value="Observation-example-opa-hpv-result-prelim.html"/></extension><reference><reference value="Observation/example-opa-hpv-result-prelim"/></reference><name value="HPV Lab Result example - Preliminary"/><description value="HPV Lab Result example - Preliminary"/><exampleCanonical value="http://oash.org/fhir/us/opa/StructureDefinition/hpv-result"/><groupingId value="new-group9"/></resource><resource><extension url="http://hl7.org/fhir/tools/StructureDefinition/resource-sort"><valueInteger value="999999999"/></extension><extension url="http://hl7.org/fhir/StructureDefinition/implementationguide-page"><valueUri value="Observation-example-opa-neisseria-gonorrhoeae-result-prelim.html"/></extension><reference><reference value="Observation/example-opa-neisseria-gonorrhoeae-result-prelim"/></reference><name value="Neisseria Gonorrhoeae Lab Result example - Preliminary"/><description value="Neisseria Gonorrhoeae Lab Result example - Preliminary"/><exampleCanonical value="http://oash.org/fhir/us/opa/StructureDefinition/neisseria-gonorrhoeae-result"/><groupingId value="new-group9"/></resource><resource><extension url="http://hl7.org/fhir/tools/StructureDefinition/resource-sort"><valueInteger value="999999999"/></extension><extension url="http://hl7.org/fhir/StructureDefinition/implementationguide-page"><valueUri value="Observation-example-opa-hiv-1-2-result-prelim.html"/></extension><reference><reference value="Observation/example-opa-hiv-1-2-result-prelim"/></reference><name value="HIV Lab Result example - Preliminary"/><description value="HIV Lab Result example - Preliminary"/><exampleCanonical value="http://oash.org/fhir/us/opa/StructureDefinition/hiv-1-2-result"/><groupingId value="new-group9"/></resource><resource><extension url="http://hl7.org/fhir/tools/StructureDefinition/resource-sort"><valueInteger value="999999999"/></extension><extension url="http://hl7.org/fhir/StructureDefinition/implementationguide-page"><valueUri value="Observation-example-opa-syphilis-result-prelim.html"/></extension><reference><reference value="Observation/example-opa-syphilis-result-prelim"/></reference><name value="Syphilis Lab Result example - Preliminary"/><description value="Syphilis Lab Result example - Preliminary"/><exampleCanonical value="http://oash.org/fhir/us/opa/StructureDefinition/syphilis-result"/><groupingId value="new-group9"/></resource><resource><extension url="http://hl7.org/fhir/tools/StructureDefinition/resource-sort"><valueInteger value="999999999"/></extension><extension url="http://hl7.org/fhir/StructureDefinition/implementationguide-page"><valueUri value="Observation-example-opa-pap-smear-result-final.html"/></extension><reference><reference value="Observation/example-opa-pap-smear-result-final"/></reference><name value="Pap Smear Lab Result example - Final"/><description value="Pap Smear Lab Result example - Final"/><exampleCanonical value="http://oash.org/fhir/us/opa/StructureDefinition/pap-smear-result"/><groupingId value="new-group10"/></resource><resource><extension url="http://hl7.org/fhir/tools/StructureDefinition/resource-sort"><valueInteger value="999999999"/></extension><extension url="http://hl7.org/fhir/StructureDefinition/implementationguide-page"><valueUri value="Observation-example-opa-chlamydia-result-final.html"/></extension><reference><reference value="Observation/example-opa-chlamydia-result-final"/></reference><name value="Chlamydia Lab Result example - Final"/><description value="Chlamydia Lab Result example - Final"/><exampleCanonical value="http://oash.org/fhir/us/opa/StructureDefinition/chlamydia-result"/><groupingId value="new-group10"/></resource><resource><extension url="http://hl7.org/fhir/tools/StructureDefinition/resource-sort"><valueInteger value="999999999"/></extension><extension url="http://hl7.org/fhir/StructureDefinition/implementationguide-page"><valueUri value="Observation-example-opa-hpv-result-final.html"/></extension><reference><reference value="Observation/example-opa-hpv-result-final"/></reference><name value="HPV Lab Result example - Final"/><description value="HPV Lab Result example - Final"/><exampleCanonical value="http://oash.org/fhir/us/opa/StructureDefinition/hpv-result"/><groupingId value="new-group10"/></resource><resource><extension url="http://hl7.org/fhir/tools/StructureDefinition/resource-sort"><valueInteger value="999999999"/></extension><extension url="http://hl7.org/fhir/StructureDefinition/implementationguide-page"><valueUri value="Observation-example-opa-neisseria-gonorrhoeae-result-final.html"/></extension><reference><reference value="Observation/example-opa-neisseria-gonorrhoeae-result-final"/></reference><name value="Neisseria Gonorrhoeae Lab Result example - Final"/><description value="Neisseria Gonorrhoeae Lab Result example - Final"/><exampleCanonical value="http://oash.org/fhir/us/opa/StructureDefinition/neisseria-gonorrhoeae-result"/><groupingId value="new-group10"/></resource><resource><extension url="http://hl7.org/fhir/tools/StructureDefinition/resource-sort"><valueInteger value="999999999"/></extension><extension url="http://hl7.org/fhir/StructureDefinition/implementationguide-page"><valueUri value="Observation-example-opa-hiv-1-2-result-final.html"/></extension><reference><reference value="Observation/example-opa-hiv-1-2-result-final"/></reference><name value="HIV Lab Result example - Final"/><description value="HIV Lab Result example - Final"/><exampleCanonical value="http://oash.org/fhir/us/opa/StructureDefinition/hiv-1-2-result"/><groupingId value="new-group10"/></resource><resource><extension url="http://hl7.org/fhir/tools/StructureDefinition/resource-sort"><valueInteger value="999999999"/></extension><extension url="http://hl7.org/fhir/StructureDefinition/implementationguide-page"><valueUri value="Observation-example-opa-syphilis-result-final.html"/></extension><reference><reference value="Observation/example-opa-syphilis-result-final"/></reference><name value="Syphilis Lab Result example - Final"/><description value="Syphilis Lab Result example - Final"/><exampleCanonical value="http://oash.org/fhir/us/opa/StructureDefinition/syphilis-result"/><groupingId value="new-group10"/></resource><resource><extension url="http://hl7.org/fhir/tools/StructureDefinition/resource-sort"><valueInteger value="999999999"/></extension><extension url="http://hl7.org/fhir/StructureDefinition/implementationguide-page"><valueUri value="Parameters-expansion-parameters-opa.html"/></extension><reference><reference value="Parameters/expansion-parameters-opa"/></reference><name value="US Edition of Snomed"/><description value="US Edition of Snomed"/><exampleBoolean value="true"/><groupingId value="new-group4"/></resource><page><extension url="http://hl7.org/fhir/tools/StructureDefinition/ig-page-name"><valueUrl value="toc.html"/></extension><nameUrl value="toc.html"/><title value="Table of Contents"/><generation value="html"/><page><extension url="http://hl7.org/fhir/tools/StructureDefinition/ig-page-name"><valueUrl value="index.html"/></extension><nameUrl value="index.html"/><title value="Home Page"/><generation value="markdown"/></page><page><extension url="http://hl7.org/fhir/tools/StructureDefinition/ig-page-name"><valueUrl value="overview.html"/></extension><nameUrl value="overview.html"/><title value="Overview"/><generation value="markdown"/></page><page><extension url="http://hl7.org/fhir/tools/StructureDefinition/ig-page-name"><valueUrl value="data_elements.html"/></extension><nameUrl value="data_elements.html"/><title value="Data Elements"/><generation value="markdown"/></page><page><extension url="http://hl7.org/fhir/tools/StructureDefinition/ig-page-name"><valueUrl value="reuse_of_external_profiles.html"/></extension><nameUrl value="reuse_of_external_profiles.html"/><title value="Reuse of External Profiles"/><generation value="markdown"/></page><page><extension url="http://hl7.org/fhir/tools/StructureDefinition/ig-page-name"><valueUrl value="downloads.html"/></extension><nameUrl value="downloads.html"/><title value="Downloads"/><generation value="markdown"/></page><page><extension url="http://hl7.org/fhir/tools/StructureDefinition/ig-page-name"><valueUrl value="artifacts.html"/></extension><nameUrl value="artifacts.html"/><title value="Artifacts Summary"/><generation value="html"/><page><extension url="http://hl7.org/fhir/tools/StructureDefinition/ig-page-name"><valueUrl value="StructureDefinition-encounter-submission-full-report.html"/></extension><nameUrl value="StructureDefinition-encounter-submission-full-report.html"/><title value="Encounter Submission Full Report"/><generation value="generated"/></page><page><extension url="http://hl7.org/fhir/tools/StructureDefinition/ig-page-name"><valueUrl value="StructureDefinition-subsequent-lab-results-submission.html"/></extension><nameUrl value="StructureDefinition-subsequent-lab-results-submission.html"/><title value="Subsequent Lab Result Submission"/><generation value="generated"/></page><page><extension url="http://hl7.org/fhir/tools/StructureDefinition/ig-page-name"><valueUrl value="StructureDefinition-opa-patient.html"/></extension><nameUrl value="StructureDefinition-opa-patient.html"/><title value="OPA Patient"/><generation value="generated"/></page><page><extension url="http://hl7.org/fhir/tools/StructureDefinition/ig-page-name"><valueUrl value="StructureDefinition-opa-encounter.html"/></extension><nameUrl value="StructureDefinition-opa-encounter.html"/><title value="OPA Encounter"/><generation value="generated"/></page><page><extension url="http://hl7.org/fhir/tools/StructureDefinition/ig-page-name"><valueUrl value="StructureDefinition-opa-practitioner-role.html"/></extension><nameUrl value="StructureDefinition-opa-practitioner-role.html"/><title value="OPA Provider Role"/><generation value="generated"/></page><page><extension url="http://hl7.org/fhir/tools/StructureDefinition/ig-page-name"><valueUrl value="StructureDefinition-fp-provider-organization.html"/></extension><nameUrl value="StructureDefinition-fp-provider-organization.html"/><title value="OPA Family Planning Provider Organization"/><generation value="generated"/></page><page><extension url="http://hl7.org/fhir/tools/StructureDefinition/ig-page-name"><valueUrl value="StructureDefinition-payer-for-visit.html"/></extension><nameUrl value="StructureDefinition-payer-for-visit.html"/><title value="Payer For Visit"/><generation value="generated"/></page><page><extension url="http://hl7.org/fhir/tools/StructureDefinition/ig-page-name"><valueUrl value="StructureDefinition-insurance-type.html"/></extension><nameUrl value="StructureDefinition-insurance-type.html"/><title value="Insurance Coverage Type"/><generation value="generated"/></page><page><extension url="http://hl7.org/fhir/tools/StructureDefinition/ig-page-name"><valueUrl value="StructureDefinition-english-proficiency.html"/></extension><nameUrl value="StructureDefinition-english-proficiency.html"/><title value="English Proficiency"/><generation value="generated"/></page><page><extension url="http://hl7.org/fhir/tools/StructureDefinition/ig-page-name"><valueUrl value="StructureDefinition-client-asserted-sex.html"/></extension><nameUrl value="StructureDefinition-client-asserted-sex.html"/><title value="Client Asserted Sex"/><generation value="generated"/></page><page><extension url="http://hl7.org/fhir/tools/StructureDefinition/ig-page-name"><valueUrl value="StructureDefinition-contraceptive-method-intake.html"/></extension><nameUrl value="StructureDefinition-contraceptive-method-intake.html"/><title value="Contraceptive Method - Intake"/><generation value="generated"/></page><page><extension url="http://hl7.org/fhir/tools/StructureDefinition/ig-page-name"><valueUrl value="StructureDefinition-contraceptive-method-exit.html"/></extension><nameUrl value="StructureDefinition-contraceptive-method-exit.html"/><title value="Contraceptive Method - Exit"/><generation value="generated"/></page><page><extension url="http://hl7.org/fhir/tools/StructureDefinition/ig-page-name"><valueUrl value="StructureDefinition-no-contraceptive-reason-intake.html"/></extension><nameUrl value="StructureDefinition-no-contraceptive-reason-intake.html"/><title value="Reason For No Contraceptive - Intake"/><generation value="generated"/></page><page><extension url="http://hl7.org/fhir/tools/StructureDefinition/ig-page-name"><valueUrl value="StructureDefinition-no-contraceptive-reason-exit.html"/></extension><nameUrl value="StructureDefinition-no-contraceptive-reason-exit.html"/><title value="Reason For No Contraceptive - Exit"/><generation value="generated"/></page><page><extension url="http://hl7.org/fhir/tools/StructureDefinition/ig-page-name"><valueUrl value="StructureDefinition-contraceptive-counseling.html"/></extension><nameUrl value="StructureDefinition-contraceptive-counseling.html"/><title value="Contraceptive Counseling"/><generation value="generated"/></page><page><extension url="http://hl7.org/fhir/tools/StructureDefinition/ig-page-name"><valueUrl value="StructureDefinition-pregnancy-counseling.html"/></extension><nameUrl value="StructureDefinition-pregnancy-counseling.html"/><title value="Pregnancy Counseling"/><generation value="generated"/></page><page><extension url="http://hl7.org/fhir/tools/StructureDefinition/ig-page-name"><valueUrl value="StructureDefinition-seeking-counseling.html"/></extension><nameUrl value="StructureDefinition-seeking-counseling.html"/><title value="Seeking Counseling"/><generation value="generated"/></page><page><extension url="http://hl7.org/fhir/tools/StructureDefinition/ig-page-name"><valueUrl value="StructureDefinition-household-income.html"/></extension><nameUrl value="StructureDefinition-household-income.html"/><title value="Household Income"/><generation value="generated"/></page><page><extension url="http://hl7.org/fhir/tools/StructureDefinition/ig-page-name"><valueUrl value="StructureDefinition-household-size.html"/></extension><nameUrl value="StructureDefinition-household-size.html"/><title value="Household Size"/><generation value="generated"/></page><page><extension url="http://hl7.org/fhir/tools/StructureDefinition/ig-page-name"><valueUrl value="StructureDefinition-neisseria-gonorrhoeae-result.html"/></extension><nameUrl value="StructureDefinition-neisseria-gonorrhoeae-result.html"/><title value="Neisseria Gonorrhoeae Result"/><generation value="generated"/></page><page><extension url="http://hl7.org/fhir/tools/StructureDefinition/ig-page-name"><valueUrl value="StructureDefinition-chlamydia-result.html"/></extension><nameUrl value="StructureDefinition-chlamydia-result.html"/><title value="Chlamydia Trachomatis Result"/><generation value="generated"/></page><page><extension url="http://hl7.org/fhir/tools/StructureDefinition/ig-page-name"><valueUrl value="StructureDefinition-pap-smear-result.html"/></extension><nameUrl value="StructureDefinition-pap-smear-result.html"/><title value="Pap Smear Result"/><generation value="generated"/></page><page><extension url="http://hl7.org/fhir/tools/StructureDefinition/ig-page-name"><valueUrl value="StructureDefinition-hiv-1-2-result.html"/></extension><nameUrl value="StructureDefinition-hiv-1-2-result.html"/><title value="HIV 1&amp;2 Result"/><generation value="generated"/></page><page><extension url="http://hl7.org/fhir/tools/StructureDefinition/ig-page-name"><valueUrl value="StructureDefinition-syphilis-result.html"/></extension><nameUrl value="StructureDefinition-syphilis-result.html"/><title value="Syphilis Result"/><generation value="generated"/></page><page><extension url="http://hl7.org/fhir/tools/StructureDefinition/ig-page-name"><valueUrl value="StructureDefinition-hpv-result.html"/></extension><nameUrl value="StructureDefinition-hpv-result.html"/><title value="HPV Result"/><generation value="generated"/></page><page><extension url="http://hl7.org/fhir/tools/StructureDefinition/ig-page-name"><valueUrl value="Bundle-example-opa-full-encounter-submission-bundle-1.html"/></extension><nameUrl value="Bundle-example-opa-full-encounter-submission-bundle-1.html"/><title value="Encounter Submission Full Report Example"/><generation value="generated"/></page><page><extension url="http://hl7.org/fhir/tools/StructureDefinition/ig-page-name"><valueUrl value="Bundle-example-opa-full-encounter-submission-bundle-2.html"/></extension><nameUrl value="Bundle-example-opa-full-encounter-submission-bundle-2.html"/><title value="Encounter Submission Full Report Example 2"/><generation value="generated"/></page><page><extension url="http://hl7.org/fhir/tools/StructureDefinition/ig-page-name"><valueUrl value="Bundle-example-opa-full-encounter-submission-bundle-3.html"/></extension><nameUrl value="Bundle-example-opa-full-encounter-submission-bundle-3.html"/><title value="Encounter Submission Full Report Example 3"/><generation value="generated"/></page><page><extension url="http://hl7.org/fhir/tools/StructureDefinition/ig-page-name"><valueUrl value="Bundle-example-opa-subsequent-lab-result-submission-bundle.html"/></extension><nameUrl value="Bundle-example-opa-subsequent-lab-result-submission-bundle.html"/><title value="Subsequent Lab Result Submission Bundle"/><generation value="generated"/></page><page><extension url="http://hl7.org/fhir/tools/StructureDefinition/ig-page-name"><valueUrl value="Patient-example-opa-patient.html"/></extension><nameUrl value="Patient-example-opa-patient.html"/><title value="OPA Patient example"/><generation value="generated"/></page><page><extension url="http://hl7.org/fhir/tools/StructureDefinition/ig-page-name"><valueUrl value="Encounter-example-opa-encounter.html"/></extension><nameUrl value="Encounter-example-opa-encounter.html"/><title value="OPA Encounter example"/><generation value="generated"/></page><page><extension url="http://hl7.org/fhir/tools/StructureDefinition/ig-page-name"><valueUrl value="PractitionerRole-example-opa-practitioner-role.html"/></extension><nameUrl value="PractitionerRole-example-opa-practitioner-role.html"/><title value="OPA PractitionerRole example"/><generation value="generated"/></page><page><extension url="http://hl7.org/fhir/tools/StructureDefinition/ig-page-name"><valueUrl value="Practitioner-example-opa-practitioner.html"/></extension><nameUrl value="Practitioner-example-opa-practitioner.html"/><title value="Practitioner example (US Core)"/><generation value="generated"/></page><page><extension url="http://hl7.org/fhir/tools/StructureDefinition/ig-page-name"><valueUrl value="Organization-example-opa-fp-provider-organization.html"/></extension><nameUrl value="Organization-example-opa-fp-provider-organization.html"/><title value="OPA Family Planning Clinic example"/><generation value="generated"/></page><page><extension url="http://hl7.org/fhir/tools/StructureDefinition/ig-page-name"><valueUrl value="Observation-example-opa-blood-pressure.html"/></extension><nameUrl value="Observation-example-opa-blood-pressure.html"/><title value="Blood Pressure example (US Core)"/><generation value="generated"/></page><page><extension url="http://hl7.org/fhir/tools/StructureDefinition/ig-page-name"><valueUrl value="Observation-example-opa-body-height.html"/></extension><nameUrl value="Observation-example-opa-body-height.html"/><title value="Body Height example (US Core)"/><generation value="generated"/></page><page><extension url="http://hl7.org/fhir/tools/StructureDefinition/ig-page-name"><valueUrl value="Observation-example-opa-body-weight.html"/></extension><nameUrl value="Observation-example-opa-body-weight.html"/><title value="Body Weight example (US Core)"/><generation value="generated"/></page><page><extension url="http://hl7.org/fhir/tools/StructureDefinition/ig-page-name"><valueUrl value="Observation-example-opa-smoking-status.html"/></extension><nameUrl value="Observation-example-opa-smoking-status.html"/><title value="Smoking Status example (US Core)"/><generation value="generated"/></page><page><extension url="http://hl7.org/fhir/tools/StructureDefinition/ig-page-name"><valueUrl value="Observation-example-opa-sexual-orientation.html"/></extension><nameUrl value="Observation-example-opa-sexual-orientation.html"/><title value="Sexual Orientation example (US Core)"/><generation value="generated"/></page><page><extension url="http://hl7.org/fhir/tools/StructureDefinition/ig-page-name"><valueUrl value="Observation-example-opa-pregnancy-status.html"/></extension><nameUrl value="Observation-example-opa-pregnancy-status.html"/><title value="Pregnancy Status example (US Core)"/><generation value="generated"/></page><page><extension url="http://hl7.org/fhir/tools/StructureDefinition/ig-page-name"><valueUrl value="Observation-example-opa-pregnancy-intent.html"/></extension><nameUrl value="Observation-example-opa-pregnancy-intent.html"/><title value="Pregnancy Intention example (US Core)"/><generation value="generated"/></page><page><extension url="http://hl7.org/fhir/tools/StructureDefinition/ig-page-name"><valueUrl value="Observation-example-opa-contraceptive-counseling.html"/></extension><nameUrl value="Observation-example-opa-contraceptive-counseling.html"/><title value="Contraceptive Counseling- Intake Observation example"/><generation value="generated"/></page><page><extension url="http://hl7.org/fhir/tools/StructureDefinition/ig-page-name"><valueUrl value="Observation-example-opa-contraceptive-counseling-not-given.html"/></extension><nameUrl value="Observation-example-opa-contraceptive-counseling-not-given.html"/><title value="Contraceptive Counseling not given example"/><generation value="generated"/></page><page><extension url="http://hl7.org/fhir/tools/StructureDefinition/ig-page-name"><valueUrl value="Observation-example-opa-contraceptive-method-intake.html"/></extension><nameUrl value="Observation-example-opa-contraceptive-method-intake.html"/><title value="Contraceptive Method - Intake Observation example"/><generation value="generated"/></page><page><extension url="http://hl7.org/fhir/tools/StructureDefinition/ig-page-name"><valueUrl value="Observation-example-opa-contraceptive-method-exit.html"/></extension><nameUrl value="Observation-example-opa-contraceptive-method-exit.html"/><title value="Contraceptive Method - Exit Observation example"/><generation value="generated"/></page><page><extension url="http://hl7.org/fhir/tools/StructureDefinition/ig-page-name"><valueUrl value="Observation-example-opa-no-contraceptive-method-intake.html"/></extension><nameUrl value="Observation-example-opa-no-contraceptive-method-intake.html"/><title value="No Contraceptive Method - Intake example"/><generation value="generated"/></page><page><extension url="http://hl7.org/fhir/tools/StructureDefinition/ig-page-name"><valueUrl value="Observation-example-opa-no-contraceptive-method-exit.html"/></extension><nameUrl value="Observation-example-opa-no-contraceptive-method-exit.html"/><title value="No Contraceptive Method - Exit example"/><generation value="generated"/></page><page><extension url="http://hl7.org/fhir/tools/StructureDefinition/ig-page-name"><valueUrl value="Observation-example-opa-pregnancy-counseling.html"/></extension><nameUrl value="Observation-example-opa-pregnancy-counseling.html"/><title value="Pregnancy Counseling example"/><generation value="generated"/></page><page><extension url="http://hl7.org/fhir/tools/StructureDefinition/ig-page-name"><valueUrl value="Observation-example-opa-seeking-counseling.html"/></extension><nameUrl value="Observation-example-opa-seeking-counseling.html"/><title value="Seeking Counseling example"/><generation value="generated"/></page><page><extension url="http://hl7.org/fhir/tools/StructureDefinition/ig-page-name"><valueUrl value="Observation-example-opa-household-income.html"/></extension><nameUrl value="Observation-example-opa-household-income.html"/><title value="Household Income example"/><generation value="generated"/></page><page><extension url="http://hl7.org/fhir/tools/StructureDefinition/ig-page-name"><valueUrl value="Observation-example-opa-household-size.html"/></extension><nameUrl value="Observation-example-opa-household-size.html"/><title value="Household Size example"/><generation value="generated"/></page><page><extension url="http://hl7.org/fhir/tools/StructureDefinition/ig-page-name"><valueUrl value="Observation-example-opa-pap-smear-result-prelim.html"/></extension><nameUrl value="Observation-example-opa-pap-smear-result-prelim.html"/><title value="Pap Smear Lab Result example - Preliminary"/><generation value="generated"/></page><page><extension url="http://hl7.org/fhir/tools/StructureDefinition/ig-page-name"><valueUrl value="Observation-example-opa-chlamydia-result-prelim.html"/></extension><nameUrl value="Observation-example-opa-chlamydia-result-prelim.html"/><title value="Chlamydia Lab Result example - Preliminary"/><generation value="generated"/></page><page><extension url="http://hl7.org/fhir/tools/StructureDefinition/ig-page-name"><valueUrl value="Observation-example-opa-hpv-result-prelim.html"/></extension><nameUrl value="Observation-example-opa-hpv-result-prelim.html"/><title value="HPV Lab Result example - Preliminary"/><generation value="generated"/></page><page><extension url="http://hl7.org/fhir/tools/StructureDefinition/ig-page-name"><valueUrl value="Observation-example-opa-neisseria-gonorrhoeae-result-prelim.html"/></extension><nameUrl value="Observation-example-opa-neisseria-gonorrhoeae-result-prelim.html"/><title value="Neisseria Gonorrhoeae Lab Result example - Preliminary"/><generation value="generated"/></page><page><extension url="http://hl7.org/fhir/tools/StructureDefinition/ig-page-name"><valueUrl value="Observation-example-opa-hiv-1-2-result-prelim.html"/></extension><nameUrl value="Observation-example-opa-hiv-1-2-result-prelim.html"/><title value="HIV Lab Result example - Preliminary"/><generation value="generated"/></page><page><extension url="http://hl7.org/fhir/tools/StructureDefinition/ig-page-name"><valueUrl value="Observation-example-opa-syphilis-result-prelim.html"/></extension><nameUrl value="Observation-example-opa-syphilis-result-prelim.html"/><title value="Syphilis Lab Result example - Preliminary"/><generation value="generated"/></page><page><extension url="http://hl7.org/fhir/tools/StructureDefinition/ig-page-name"><valueUrl value="Observation-example-opa-pap-smear-result-final.html"/></extension><nameUrl value="Observation-example-opa-pap-smear-result-final.html"/><title value="Pap Smear Lab Result example - Final"/><generation value="generated"/></page><page><extension url="http://hl7.org/fhir/tools/StructureDefinition/ig-page-name"><valueUrl value="Observation-example-opa-chlamydia-result-final.html"/></extension><nameUrl value="Observation-example-opa-chlamydia-result-final.html"/><title value="Chlamydia Lab Result example - Final"/><generation value="generated"/></page><page><extension url="http://hl7.org/fhir/tools/StructureDefinition/ig-page-name"><valueUrl value="Observation-example-opa-hpv-result-final.html"/></extension><nameUrl value="Observation-example-opa-hpv-result-final.html"/><title value="HPV Lab Result example - Final"/><generation value="generated"/></page><page><extension url="http://hl7.org/fhir/tools/StructureDefinition/ig-page-name"><valueUrl value="Observation-example-opa-neisseria-gonorrhoeae-result-final.html"/></extension><nameUrl value="Observation-example-opa-neisseria-gonorrhoeae-result-final.html"/><title value="Neisseria Gonorrhoeae Lab Result example - Final"/><generation value="generated"/></page><page><extension url="http://hl7.org/fhir/tools/StructureDefinition/ig-page-name"><valueUrl value="Observation-example-opa-hiv-1-2-result-final.html"/></extension><nameUrl value="Observation-example-opa-hiv-1-2-result-final.html"/><title value="HIV Lab Result example - Final"/><generation value="generated"/></page><page><extension url="http://hl7.org/fhir/tools/StructureDefinition/ig-page-name"><valueUrl value="Observation-example-opa-syphilis-result-final.html"/></extension><nameUrl value="Observation-example-opa-syphilis-result-final.html"/><title value="Syphilis Lab Result example - Final"/><generation value="generated"/></page><page><extension url="http://hl7.org/fhir/tools/StructureDefinition/ig-page-name"><valueUrl value="Parameters-expansion-parameters-opa.html"/></extension><nameUrl value="Parameters-expansion-parameters-opa.html"/><title value="US Edition of Snomed"/><generation value="generated"/></page></page></page><parameter><code value="path-resource"/><value value="input/capabilities"/></parameter><parameter><code value="path-resource"/><value value="input/examples"/></parameter><parameter><code value="path-resource"/><value value="input/extensions"/></parameter><parameter><code value="path-resource"/><value value="input/models"/></parameter><parameter><code value="path-resource"/><value value="input/operations"/></parameter><parameter><code value="path-resource"/><value value="input/profiles"/></parameter><parameter><code value="path-resource"/><value value="input/resources"/></parameter><parameter><code value="path-resource"/><value value="input/vocabulary"/></parameter><parameter><code value="path-resource"/><value value="input/maps"/></parameter><parameter><code value="path-resource"/><value value="input/testing"/></parameter><parameter><code value="path-resource"/><value value="input/history"/></parameter><parameter><code value="path-resource"/><value value="fsh-generated/resources"/></parameter><parameter><code value="path-pages"/><value value="template/config"/></parameter><parameter><code value="path-pages"/><value value="input/images"/></parameter><parameter><code value="path-tx-cache"/><value value="input-cache/txcache"/></parameter></definition></ImplementationGuide>