<?xml version="1.0" encoding="UTF-8"?>

<Observation xmlns="http://hl7.org/fhir">
  <id value="example-opa-body-height"/>
  <meta>
    <versionId value="1"/>
    <lastUpdated value="2023-08-04T15:32:18.865Z"/>
    <profile value="http://hl7.org/fhir/us/core/StructureDefinition/us-core-body-height"/>
  </meta>
  <text>
    <status value="generated"/><div xmlns="http://www.w3.org/1999/xhtml"><p><b>Generated Narrative: Observation</b><a name="example-opa-body-height"> </a></p><div style="display: inline-block; background-color: #d9e0e7; padding: 6px; margin: 4px; border: 1px solid #8da1b4; border-radius: 5px; line-height: 60%"><p style="margin-bottom: 0px">Resource Observation &quot;example-opa-body-height&quot; Version &quot;1&quot; Updated &quot;2023-08-04 15:32:18+0000&quot; </p><p style="margin-bottom: 0px">Profile: <a href="http://hl7.org/fhir/us/core/STU6.1/StructureDefinition-us-core-body-height.html">US Core Body Height Profile</a></p></div><p><b>status</b>: final</p><p><b>category</b>: Vital Signs <span style="background: LightGoldenRodYellow; margin: 4px; border: 1px solid khaki"> (<a href="http://terminology.hl7.org/5.0.0/CodeSystem-observation-category.html">Observation Category Codes</a>#vital-signs)</span></p><p><b>code</b>: height <span style="background: LightGoldenRodYellow; margin: 4px; border: 1px solid khaki"> (<a href="https://loinc.org/">LOINC</a>#8302-2 &quot;Body height&quot;)</span></p><p><b>subject</b>: <a href="Patient-example-opa-patient.html">Patient/example-opa-patient</a> &quot; WOODROW&quot;</p><p><b>effective</b>: 2023-04-13 18:00:14-0500</p><p><b>performer</b>: <a href="PractitionerRole-example-opa-practitioner-role.html">PractitionerRole/example-opa-practitioner-role</a></p><p><b>value</b>: 111.506 cm<span style="background: LightGoldenRodYellow"> (Details: UCUM code cm = 'cm')</span></p></div>
  </text>
  <status value="final"/>
  <category>
    <coding>
      <system value="http://terminology.hl7.org/CodeSystem/observation-category"/>
      <code value="vital-signs"/>
      <display value="Vital Signs"/>
    </coding>
    <text value="Vital Signs"/>
  </category>
  <code>
    <coding>
      <system value="http://loinc.org"/>
      <code value="8302-2"/>
      <display value="Body height"/>
    </coding>
    <text value="height"/>
  </code>
  <subject>
    <reference value="Patient/example-opa-patient"/>
  </subject>
  <effectiveDateTime value="2023-04-13T18:00:14-05:00"/>
  <performer>
    <reference value="PractitionerRole/example-opa-practitioner-role"/>
  </performer>
  <valueQuantity>
    <value value="111.506"/>
    <unit value="cm"/>
    <system value="http://unitsofmeasure.org"/>
    <code value="cm"/>
  </valueQuantity>
</Observation>