<?xml version="1.0" encoding="UTF-8"?>

<Observation xmlns="http://hl7.org/fhir">
  <id value="example-opa-neisseria-gonorrhoeae-result-final"/>
  <meta>
    <versionId value="1"/>
    <lastUpdated value="2023-08-23T16:23:35.317Z"/>
    <profile value="http://oash.org/fhir/us/opa/StructureDefinition/neisseria-gonorrhoeae-result"/>
  </meta>
  <text>
    <status value="generated"/><div xmlns="http://www.w3.org/1999/xhtml"><p><b>Generated Narrative: Observation</b><a name="example-opa-neisseria-gonorrhoeae-result-final"> </a></p><div style="display: inline-block; background-color: #d9e0e7; padding: 6px; margin: 4px; border: 1px solid #8da1b4; border-radius: 5px; line-height: 60%"><p style="margin-bottom: 0px">Resource Observation &quot;example-opa-neisseria-gonorrhoeae-result-final&quot; Version &quot;1&quot; Updated &quot;2023-08-23 16:23:35+0000&quot; </p><p style="margin-bottom: 0px">Profile: <a href="StructureDefinition-neisseria-gonorrhoeae-result.html">Neisseria Gonorrhoeae Result</a></p></div><p><b>status</b>: final</p><p><b>category</b>: Laboratory <span style="background: LightGoldenRodYellow; margin: 4px; border: 1px solid khaki"> (<a href="http://terminology.hl7.org/5.0.0/CodeSystem-observation-category.html">Observation Category Codes</a>#laboratory)</span></p><p><b>code</b>: Neisseria gonorrhoeae DNA [Presence] in Cervical mucus by NAA with probe detection <span style="background: LightGoldenRodYellow; margin: 4px; border: 1px solid khaki"> (<a href="https://loinc.org/">LOINC</a>#21414-8)</span></p><p><b>subject</b>: <a href="Patient-example-opa-patient.html">Patient/example-opa-patient</a> &quot; WOODROW&quot;</p><p><b>effective</b>: 2023-04-13 18:00:14-0500</p><p><b>performer</b>: <a href="PractitionerRole-example-opa-practitioner-role.html">PractitionerRole/example-opa-practitioner-role</a></p><p><b>value</b>: Indeterminate <span style="background: LightGoldenRodYellow; margin: 4px; border: 1px solid khaki"> (<a href="https://browser.ihtsdotools.org/">SNOMED CT</a>#82334004)</span></p></div>
  </text>
  <status value="final"/>
  <category>
    <coding>
      <system value="http://terminology.hl7.org/CodeSystem/observation-category"/>
      <code value="laboratory"/>
      <display value="Laboratory"/>
    </coding>
    <text value="Laboratory"/>
  </category>
  <code>
    <coding>
      <system value="http://loinc.org"/>
      <code value="21414-8"/>
      <display value="Neisseria gonorrhoeae DNA [Presence] in Cervical mucus by NAA with probe detection"/>
    </coding>
  </code>
  <subject>
    <reference value="Patient/example-opa-patient"/>
  </subject>
  <effectiveDateTime value="2023-04-13T18:00:14-05:00"/>
  <performer>
    <reference value="PractitionerRole/example-opa-practitioner-role"/>
  </performer>
  <valueCodeableConcept>
    <coding>
      <system value="http://snomed.info/sct"/>
      <code value="82334004"/>
      <display value="Indeterminate"/>
    </coding>
  </valueCodeableConcept>
</Observation>