{
  "resourceType" : "Bundle",
  "id" : "example-opa-subsequent-lab-result-submission-bundle",
  "meta" : {
    "profile" : ["http://oash.org/fhir/us/opa/StructureDefinition/subsequent-lab-results-submission"]
  },
  "identifier" : {
    "system" : "http://example.org/fhir/Patient/example-opa-patient",
    "value" : "dd3fa897-5b5a-43ee-9617-bf5fe46b9e94"
  },
  "type" : "collection",
  "timestamp" : "2023-08-25T10:06:42.482-04:00",
  "entry" : [{
    "fullUrl" : "http://example.org/fhir/Patient/example-opa-patient",
    "resource" : {
      "resourceType" : "Patient",
      "id" : "example-opa-patient",
      "meta" : {
        "versionId" : "10",
        "lastUpdated" : "2023-08-09T17:01:13.300Z",
        "profile" : ["http://hl7.org/fhir/us/core/StructureDefinition/us-core-patient",
        "http://oash.org/fhir/us/opa/StructureDefinition/opa-patient"]
      },
      "text" : {
        "status" : "extensions",
        "div" : "<div xmlns=\"http://www.w3.org/1999/xhtml\"><p><b>Generated Narrative: Patient</b><a name=\"example-opa-patient\"> </a></p><div style=\"display: inline-block; background-color: #d9e0e7; padding: 6px; margin: 4px; border: 1px solid #8da1b4; border-radius: 5px; line-height: 60%\"><p style=\"margin-bottom: 0px\">Resource Patient &quot;example-opa-patient&quot; Version &quot;10&quot; Updated &quot;2023-08-09 17:01:13+0000&quot; </p><p style=\"margin-bottom: 0px\">Profiles: <a href=\"http://hl7.org/fhir/us/core/STU6.1/StructureDefinition-us-core-patient.html\">US Core Patient Profile</a>, <a href=\"StructureDefinition-opa-patient.html\">OPA Patient</a></p></div><blockquote><p><b>US Core Race Extension</b></p><blockquote><p><b>url</b></p><code>ombCategory</code></blockquote><p><b>value</b>: White (Details: urn:oid:2.16.840.1.113883.6.238 code 2106-3 = '2106-3', stated as 'White')</p><blockquote><p><b>url</b></p><code>ombCategory</code></blockquote><p><b>value</b>: American Indian or Alaska Native (Details: urn:oid:2.16.840.1.113883.6.238 code 1002-5 = '1002-5', stated as 'American Indian or Alaska Native')</p><blockquote><p><b>url</b></p><code>ombCategory</code></blockquote><p><b>value</b>: Asian (Details: urn:oid:2.16.840.1.113883.6.238 code 2028-9 = '2028-9', stated as 'Asian')</p><blockquote><p><b>url</b></p><code>text</code></blockquote><p><b>value</b>: Mixed</p></blockquote><blockquote><p><b>US Core Ethnicity Extension</b></p><blockquote><p><b>url</b></p><code>ombCategory</code></blockquote><p><b>value</b>: Hispanic or Latino (Details: urn:oid:2.16.840.1.113883.6.238 code 2135-2 = '2135-2', stated as 'Hispanic or Latino')</p><blockquote><p><b>url</b></p><code>text</code></blockquote><p><b>value</b>: Hispanic or Latino</p></blockquote><p><b>US Core Birth Sex Extension</b>: F</p><p><b>US Core Gender Identity Extension</b>: asked but unknown <span style=\"background: LightGoldenRodYellow; margin: 4px; border: 1px solid khaki\"> (<a href=\"http://terminology.hl7.org/5.0.0/CodeSystem-v3-NullFlavor.html\">NullFlavor</a>#ASKU)</span></p><p><b>Client Asserted Sex</b>: female</p><p><b>English Proficiency Extension</b>: Not proficient in English (finding) <span style=\"background: LightGoldenRodYellow; margin: 4px; border: 1px solid khaki\"> (<a href=\"https://browser.ihtsdotools.org/\">SNOMED CT</a>#455961000124100)</span></p><p><b>identifier</b>: Medical Record Number:\u00a0M00002232\u00a0(use:\u00a0USUAL)</p><p><b>active</b>: true</p><p><b>name</b>: Alisha Woodrow </p><p><b>telecom</b>: ph: 555-555-5555(HOME), <a href=\"mailto:alisha.woodrow@example.com\">alisha.woodrow@example.com</a></p><p><b>gender</b>: female</p><p><b>birthDate</b>: 1990-07-22</p><p><b>address</b>: 555 Paul Rigal Blvd Dublin OH 43017 US </p></div>"
      },
      "extension" : [{
        "url" : "http://hl7.org/fhir/us/core/StructureDefinition/us-core-race",
        "extension" : [{
          "url" : "ombCategory",
          "valueCoding" : {
            "system" : "urn:oid:2.16.840.1.113883.6.238",
            "code" : "2106-3",
            "display" : "White"
          }
        },
        {
          "url" : "ombCategory",
          "valueCoding" : {
            "system" : "urn:oid:2.16.840.1.113883.6.238",
            "code" : "1002-5",
            "display" : "American Indian or Alaska Native"
          }
        },
        {
          "url" : "ombCategory",
          "valueCoding" : {
            "system" : "urn:oid:2.16.840.1.113883.6.238",
            "code" : "2028-9",
            "display" : "Asian"
          }
        },
        {
          "url" : "text",
          "valueString" : "Mixed"
        }]
      },
      {
        "url" : "http://hl7.org/fhir/us/core/StructureDefinition/us-core-ethnicity",
        "extension" : [{
          "url" : "ombCategory",
          "valueCoding" : {
            "system" : "urn:oid:2.16.840.1.113883.6.238",
            "code" : "2135-2",
            "display" : "Hispanic or Latino"
          }
        },
        {
          "url" : "text",
          "valueString" : "Hispanic or Latino"
        }]
      },
      {
        "url" : "http://hl7.org/fhir/us/core/StructureDefinition/us-core-birthsex",
        "valueCode" : "F"
      },
      {
        "url" : "http://hl7.org/fhir/us/core/StructureDefinition/us-core-genderIdentity",
        "valueCodeableConcept" : {
          "coding" : [{
            "system" : "http://terminology.hl7.org/CodeSystem/v3-NullFlavor",
            "code" : "ASKU",
            "display" : "asked but unknown"
          }],
          "text" : "asked but unknown"
        }
      },
      {
        "url" : "http://oash.org/fhir/us/opa/StructureDefinition/client-asserted-sex",
        "valueCode" : "female"
      },
      {
        "url" : "http://oash.org/fhir/us/opa/StructureDefinition/english-proficiency",
        "valueCodeableConcept" : {
          "coding" : [{
            "system" : "http://snomed.info/sct",
            "code" : "455961000124100",
            "display" : "Not proficient in English (finding)"
          }]
        }
      }],
      "identifier" : [{
        "use" : "usual",
        "type" : {
          "coding" : [{
            "system" : "http://terminology.hl7.org/CodeSystem/v2-0203",
            "code" : "MR",
            "display" : "Medical Record Number"
          }],
          "text" : "Medical Record Number"
        },
        "system" : "http://hospital.smarthealthit.org",
        "value" : "M00002232"
      }],
      "active" : true,
      "name" : [{
        "family" : "Woodrow",
        "given" : ["Alisha"],
        "period" : {
          "start" : "1990-07-22"
        }
      }],
      "telecom" : [{
        "system" : "phone",
        "value" : "555-555-5555",
        "use" : "home"
      },
      {
        "system" : "email",
        "value" : "alisha.woodrow@example.com"
      }],
      "gender" : "female",
      "birthDate" : "1990-07-22",
      "address" : [{
        "line" : ["555 Paul Rigal Blvd"],
        "city" : "Dublin",
        "state" : "OH",
        "postalCode" : "43017",
        "country" : "US",
        "period" : {
          "start" : "2020-07-22"
        }
      }]
    }
  },
  {
    "fullUrl" : "http://example.org/fhir/Encounter/example-opa-encounter",
    "resource" : {
      "resourceType" : "Encounter",
      "id" : "example-opa-encounter",
      "meta" : {
        "versionId" : "14",
        "lastUpdated" : "2023-08-24T15:21:44.206Z",
        "profile" : ["http://oash.org/fhir/us/opa/StructureDefinition/opa-encounter"]
      },
      "text" : {
        "status" : "extensions",
        "div" : "<div xmlns=\"http://www.w3.org/1999/xhtml\"><p><b>Generated Narrative: Encounter</b><a name=\"example-opa-encounter\"> </a></p><div style=\"display: inline-block; background-color: #d9e0e7; padding: 6px; margin: 4px; border: 1px solid #8da1b4; border-radius: 5px; line-height: 60%\"><p style=\"margin-bottom: 0px\">Resource Encounter &quot;example-opa-encounter&quot; Version &quot;14&quot; Updated &quot;2023-08-24 15:21:44+0000&quot; </p><p style=\"margin-bottom: 0px\">Profile: <a href=\"StructureDefinition-opa-encounter.html\">OPA Encounter</a></p></div><p><b>OPA Insurance Coverage Type</b>: PRIVATE HEALTH INSURANCE <span style=\"background: LightGoldenRodYellow; margin: 4px; border: 1px solid khaki\"> (<a href=\"http://terminology.hl7.org/5.0.0/CodeSystem-SOPT.html\">Source of Payment Typology</a>#5)</span></p><p><b>OPA Payer for Visit</b>: Medicare HMO <span style=\"background: LightGoldenRodYellow; margin: 4px; border: 1px solid khaki\"> (<a href=\"http://terminology.hl7.org/5.0.0/CodeSystem-SOPT.html\">Source of Payment Typology</a>#111)</span></p><p><b>status</b>: finished</p><p><b>class</b>: ambulatory (Details: http://terminology.hl7.org/CodeSystem/v3-ActCode code AMB = 'ambulatory', stated as 'ambulatory')</p><p><b>type</b>: Office Visit <span style=\"background: LightGoldenRodYellow; margin: 4px; border: 1px solid khaki\"> (<a href=\"http://terminology.hl7.org/5.0.0/CodeSystem-CPT.html\">Current Procedural Terminology (CPT®)</a>#99202)</span></p><p><b>subject</b>: <a href=\"#Patient_example-opa-patient\">See above (Patient/example-opa-patient)</a></p><p><b>period</b>: 2023-04-05 17:00:14-0500 --&gt; 2023-04-13 18:00:14-0500</p></div>"
      },
      "extension" : [{
        "url" : "http://oash.org/fhir/us/opa/StructureDefinition/insurance-type",
        "valueCodeableConcept" : {
          "coding" : [{
            "system" : "https://nahdo.org/sopt",
            "code" : "5",
            "display" : "PRIVATE HEALTH INSURANCE"
          }],
          "text" : "PRIVATE HEALTH INSURANCE"
        }
      },
      {
        "url" : "http://oash.org/fhir/us/opa/StructureDefinition/payer-for-visit",
        "valueCodeableConcept" : {
          "coding" : [{
            "system" : "https://nahdo.org/sopt",
            "code" : "111",
            "display" : "Medicare HMO"
          }],
          "text" : "Medicare HMO"
        }
      }],
      "status" : "finished",
      "class" : {
        "system" : "http://terminology.hl7.org/CodeSystem/v3-ActCode",
        "code" : "AMB",
        "display" : "ambulatory"
      },
      "type" : [{
        "coding" : [{
          "system" : "http://www.ama-assn.org/go/cpt",
          "code" : "99202"
        }],
        "text" : "Office Visit"
      }],
      "subject" : {
        "reference" : "Patient/example-opa-patient"
      },
      "period" : {
        "start" : "2023-04-05T17:00:14-05:00",
        "end" : "2023-04-13T18:00:14-05:00"
      }
    }
  },
  {
    "fullUrl" : "http://example.org/fhir/Organization/example-opa-fp-provider-organization",
    "resource" : {
      "resourceType" : "Organization",
      "id" : "example-opa-fp-provider-organization",
      "meta" : {
        "versionId" : "5",
        "lastUpdated" : "2023-07-20T15:34:20.198Z",
        "profile" : ["http://hl7.org/fhir/us/core/StructureDefinition/us-core-organization"]
      },
      "text" : {
        "status" : "generated",
        "div" : "<div xmlns=\"http://www.w3.org/1999/xhtml\"><p><b>Generated Narrative: Organization</b><a name=\"example-opa-fp-provider-organization\"> </a></p><div style=\"display: inline-block; background-color: #d9e0e7; padding: 6px; margin: 4px; border: 1px solid #8da1b4; border-radius: 5px; line-height: 60%\"><p style=\"margin-bottom: 0px\">Resource Organization &quot;example-opa-fp-provider-organization&quot; Version &quot;5&quot; Updated &quot;2023-07-20 15:34:20+0000&quot; </p><p style=\"margin-bottom: 0px\">Profile: <a href=\"http://hl7.org/fhir/us/core/STU6.1/StructureDefinition-us-core-organization.html\">US Core Organization Profile</a></p></div><p><b>identifier</b>: id:\u00a01407071236</p><p><b>active</b>: true</p><p><b>type</b>: Healthcare Provider <span style=\"background: LightGoldenRodYellow; margin: 4px; border: 1px solid khaki\"> (<a href=\"http://terminology.hl7.org/5.0.0/CodeSystem-organization-type.html\">Organization type</a>#prov)</span></p><p><b>name</b>: Acme Clinic</p><p><b>telecom</b>: ph: (+1) 734-677-7777, <a href=\"mailto:customer-service@acme-clinic.org\">customer-service@acme-clinic.org</a></p><p><b>address</b>: 3300 Washtenaw Avenue, Suite 227 Amherst MA 01002 USA </p></div>"
      },
      "identifier" : [{
        "system" : "http://hl7.org/fhir/sid/us-npi",
        "value" : "1407071236"
      }],
      "active" : true,
      "type" : [{
        "coding" : [{
          "system" : "http://terminology.hl7.org/CodeSystem/organization-type",
          "code" : "prov",
          "display" : "Healthcare Provider"
        }]
      }],
      "name" : "Acme Clinic",
      "telecom" : [{
        "system" : "phone",
        "value" : "(+1) 734-677-7777"
      },
      {
        "system" : "email",
        "value" : "customer-service@acme-clinic.org"
      }],
      "address" : [{
        "line" : ["3300 Washtenaw Avenue, Suite 227"],
        "city" : "Amherst",
        "state" : "MA",
        "postalCode" : "01002",
        "country" : "USA"
      }]
    }
  },
  {
    "fullUrl" : "http://example.org/fhir/Observation/example-opa-pap-smear-result-final",
    "resource" : {
      "resourceType" : "Observation",
      "id" : "example-opa-pap-smear-result-final",
      "meta" : {
        "versionId" : "1",
        "lastUpdated" : "2023-08-23T16:23:35.843Z",
        "profile" : ["http://oash.org/fhir/us/opa/StructureDefinition/pap-smear-result"]
      },
      "text" : {
        "status" : "generated",
        "div" : "<div xmlns=\"http://www.w3.org/1999/xhtml\"><p><b>Generated Narrative: Observation</b><a name=\"example-opa-pap-smear-result-final\"> </a></p><div style=\"display: inline-block; background-color: #d9e0e7; padding: 6px; margin: 4px; border: 1px solid #8da1b4; border-radius: 5px; line-height: 60%\"><p style=\"margin-bottom: 0px\">Resource Observation &quot;example-opa-pap-smear-result-final&quot; Version &quot;1&quot; Updated &quot;2023-08-23 16:23:35+0000&quot; </p><p style=\"margin-bottom: 0px\">Profile: <a href=\"StructureDefinition-pap-smear-result.html\">Pap Smear Result</a></p></div><p><b>status</b>: final</p><p><b>category</b>: Laboratory <span style=\"background: LightGoldenRodYellow; margin: 4px; border: 1px solid khaki\"> (<a href=\"http://terminology.hl7.org/5.0.0/CodeSystem-observation-category.html\">Observation Category Codes</a>#laboratory)</span></p><p><b>code</b>: Microscopic observation [Identifier] in Cervical or vaginal smear or scraping by Cyto stain <span style=\"background: LightGoldenRodYellow; margin: 4px; border: 1px solid khaki\"> (<a href=\"https://loinc.org/\">LOINC</a>#19765-7)</span></p><p><b>subject</b>: <a href=\"#Patient_example-opa-patient\">See above (Patient/example-opa-patient)</a></p><p><b>effective</b>: 2023-04-20 18:00:14-0500</p><p><b>performer</b>: <a href=\"PractitionerRole-example-opa-practitioner-role.html\">PractitionerRole/example-opa-practitioner-role</a></p><p><b>value</b>: Specimen satisfactory for evaluation <span style=\"background: LightGoldenRodYellow; margin: 4px; border: 1px solid khaki\"> (<a href=\"https://browser.ihtsdotools.org/\">SNOMED CT</a>#125152006)</span></p></div>"
      },
      "status" : "final",
      "category" : [{
        "coding" : [{
          "system" : "http://terminology.hl7.org/CodeSystem/observation-category",
          "code" : "laboratory",
          "display" : "Laboratory"
        }],
        "text" : "Laboratory"
      }],
      "code" : {
        "coding" : [{
          "system" : "http://loinc.org",
          "code" : "19765-7",
          "display" : "Microscopic observation [Identifier] in Cervical or vaginal smear or scraping by Cyto stain"
        }]
      },
      "subject" : {
        "reference" : "Patient/example-opa-patient"
      },
      "effectiveDateTime" : "2023-04-20T18:00:14-05:00",
      "performer" : [{
        "reference" : "PractitionerRole/example-opa-practitioner-role"
      }],
      "valueCodeableConcept" : {
        "coding" : [{
          "system" : "http://snomed.info/sct",
          "code" : "125152006",
          "display" : "Specimen satisfactory for evaluation"
        }]
      }
    }
  }]
}