<?xml version="1.0" encoding="UTF-8"?>

<Bundle xmlns="http://hl7.org/fhir">
  <id value="example-opa-subsequent-lab-result-submission-bundle"/>
  <meta>
    <profile value="http://oash.org/fhir/us/opa/StructureDefinition/subsequent-lab-results-submission"/>
  </meta>
  <identifier>
    <system value="http://example.org/fhir/Patient/example-opa-patient"/>
    <value value="dd3fa897-5b5a-43ee-9617-bf5fe46b9e94"/>
  </identifier>
  <type value="collection"/>
  <timestamp value="2023-08-25T10:06:42.482-04:00"/>
  <entry>
    <fullUrl value="http://example.org/fhir/Patient/example-opa-patient"/>
    <resource>
      <Patient>
        <id value="example-opa-patient"/>
        <meta>
          <versionId value="10"/>
          <lastUpdated value="2023-08-09T17:01:13.300Z"/>
          <profile value="http://hl7.org/fhir/us/core/StructureDefinition/us-core-patient"/>
          <profile value="http://oash.org/fhir/us/opa/StructureDefinition/opa-patient"/>
        </meta>
        <text>
          <status value="extensions"/><div xmlns="http://www.w3.org/1999/xhtml"><p><b>Generated Narrative: Patient</b><a name="example-opa-patient"> </a></p><div style="display: inline-block; background-color: #d9e0e7; padding: 6px; margin: 4px; border: 1px solid #8da1b4; border-radius: 5px; line-height: 60%"><p style="margin-bottom: 0px">Resource Patient &quot;example-opa-patient&quot; Version &quot;10&quot; Updated &quot;2023-08-09 17:01:13+0000&quot; </p><p style="margin-bottom: 0px">Profiles: <a href="http://hl7.org/fhir/us/core/STU6.1/StructureDefinition-us-core-patient.html">US Core Patient Profile</a>, <a href="StructureDefinition-opa-patient.html">OPA Patient</a></p></div><blockquote><p><b>US Core Race Extension</b></p><blockquote><p><b>url</b></p><code>ombCategory</code></blockquote><p><b>value</b>: White (Details: urn:oid:2.16.840.1.113883.6.238 code 2106-3 = '2106-3', stated as 'White')</p><blockquote><p><b>url</b></p><code>ombCategory</code></blockquote><p><b>value</b>: American Indian or Alaska Native (Details: urn:oid:2.16.840.1.113883.6.238 code 1002-5 = '1002-5', stated as 'American Indian or Alaska Native')</p><blockquote><p><b>url</b></p><code>ombCategory</code></blockquote><p><b>value</b>: Asian (Details: urn:oid:2.16.840.1.113883.6.238 code 2028-9 = '2028-9', stated as 'Asian')</p><blockquote><p><b>url</b></p><code>text</code></blockquote><p><b>value</b>: Mixed</p></blockquote><blockquote><p><b>US Core Ethnicity Extension</b></p><blockquote><p><b>url</b></p><code>ombCategory</code></blockquote><p><b>value</b>: Hispanic or Latino (Details: urn:oid:2.16.840.1.113883.6.238 code 2135-2 = '2135-2', stated as 'Hispanic or Latino')</p><blockquote><p><b>url</b></p><code>text</code></blockquote><p><b>value</b>: Hispanic or Latino</p></blockquote><p><b>US Core Birth Sex Extension</b>: F</p><p><b>US Core Gender Identity Extension</b>: asked but unknown <span style="background: LightGoldenRodYellow; margin: 4px; border: 1px solid khaki"> (<a href="http://terminology.hl7.org/5.0.0/CodeSystem-v3-NullFlavor.html">NullFlavor</a>#ASKU)</span></p><p><b>Client Asserted Sex</b>: female</p><p><b>English Proficiency Extension</b>: Not proficient in English (finding) <span style="background: LightGoldenRodYellow; margin: 4px; border: 1px solid khaki"> (<a href="https://browser.ihtsdotools.org/">SNOMED CT</a>#455961000124100)</span></p><p><b>identifier</b>: Medical Record Number: M00002232 (use: USUAL)</p><p><b>active</b>: true</p><p><b>name</b>: Alisha Woodrow </p><p><b>telecom</b>: ph: 555-555-5555(HOME), <a href="mailto:alisha.woodrow@example.com">alisha.woodrow@example.com</a></p><p><b>gender</b>: female</p><p><b>birthDate</b>: 1990-07-22</p><p><b>address</b>: 555 Paul Rigal Blvd Dublin OH 43017 US </p></div>
        </text>
        <extension url="http://hl7.org/fhir/us/core/StructureDefinition/us-core-race">
          <extension url="ombCategory">
            <valueCoding>
              <system value="urn:oid:2.16.840.1.113883.6.238"/>
              <code value="2106-3"/>
              <display value="White"/>
            </valueCoding>
          </extension>
          <extension url="ombCategory">
            <valueCoding>
              <system value="urn:oid:2.16.840.1.113883.6.238"/>
              <code value="1002-5"/>
              <display value="American Indian or Alaska Native"/>
            </valueCoding>
          </extension>
          <extension url="ombCategory">
            <valueCoding>
              <system value="urn:oid:2.16.840.1.113883.6.238"/>
              <code value="2028-9"/>
              <display value="Asian"/>
            </valueCoding>
          </extension>
          <extension url="text">
            <valueString value="Mixed"/>
          </extension>
        </extension>
        <extension url="http://hl7.org/fhir/us/core/StructureDefinition/us-core-ethnicity">
          <extension url="ombCategory">
            <valueCoding>
              <system value="urn:oid:2.16.840.1.113883.6.238"/>
              <code value="2135-2"/>
              <display value="Hispanic or Latino"/>
            </valueCoding>
          </extension>
          <extension url="text">
            <valueString value="Hispanic or Latino"/>
          </extension>
        </extension>
        <extension url="http://hl7.org/fhir/us/core/StructureDefinition/us-core-birthsex">
          <valueCode value="F"/>
        </extension>
        <extension url="http://hl7.org/fhir/us/core/StructureDefinition/us-core-genderIdentity">
          <valueCodeableConcept>
            <coding>
              <system value="http://terminology.hl7.org/CodeSystem/v3-NullFlavor"/>
              <code value="ASKU"/>
              <display value="asked but unknown"/>
            </coding>
            <text value="asked but unknown"/>
          </valueCodeableConcept>
        </extension>
        <extension url="http://oash.org/fhir/us/opa/StructureDefinition/client-asserted-sex">
          <valueCode value="female"/>
        </extension>
        <extension url="http://oash.org/fhir/us/opa/StructureDefinition/english-proficiency">
          <valueCodeableConcept>
            <coding>
              <system value="http://snomed.info/sct"/>
              <code value="455961000124100"/>
              <display value="Not proficient in English (finding)"/>
            </coding>
          </valueCodeableConcept>
        </extension>
        <identifier>
          <use value="usual"/>
          <type>
            <coding>
              <system value="http://terminology.hl7.org/CodeSystem/v2-0203"/>
              <code value="MR"/>
              <display value="Medical Record Number"/>
            </coding>
            <text value="Medical Record Number"/>
          </type>
          <system value="http://hospital.smarthealthit.org"/>
          <value value="M00002232"/>
        </identifier>
        <active value="true"/>
        <name>
          <family value="Woodrow"/>
          <given value="Alisha"/>
          <period>
            <start value="1990-07-22"/>
          </period>
        </name>
        <telecom>
          <system value="phone"/>
          <value value="555-555-5555"/>
          <use value="home"/>
        </telecom>
        <telecom>
          <system value="email"/>
          <value value="alisha.woodrow@example.com"/>
        </telecom>
        <gender value="female"/>
        <birthDate value="1990-07-22"/>
        <address>
          <line value="555 Paul Rigal Blvd"/>
          <city value="Dublin"/>
          <state value="OH"/>
          <postalCode value="43017"/>
          <country value="US"/>
          <period>
            <start value="2020-07-22"/>
          </period>
        </address>
      </Patient>
    </resource>
  </entry>
  <entry>
    <fullUrl value="http://example.org/fhir/Encounter/example-opa-encounter"/>
    <resource>
      <Encounter>
        <id value="example-opa-encounter"/>
        <meta>
          <versionId value="14"/>
          <lastUpdated value="2023-08-24T15:21:44.206Z"/>
          <profile value="http://oash.org/fhir/us/opa/StructureDefinition/opa-encounter"/>
        </meta>
        <text>
          <status value="extensions"/><div xmlns="http://www.w3.org/1999/xhtml"><p><b>Generated Narrative: Encounter</b><a name="example-opa-encounter"> </a></p><div style="display: inline-block; background-color: #d9e0e7; padding: 6px; margin: 4px; border: 1px solid #8da1b4; border-radius: 5px; line-height: 60%"><p style="margin-bottom: 0px">Resource Encounter &quot;example-opa-encounter&quot; Version &quot;14&quot; Updated &quot;2023-08-24 15:21:44+0000&quot; </p><p style="margin-bottom: 0px">Profile: <a href="StructureDefinition-opa-encounter.html">OPA Encounter</a></p></div><p><b>OPA Insurance Coverage Type</b>: PRIVATE HEALTH INSURANCE <span style="background: LightGoldenRodYellow; margin: 4px; border: 1px solid khaki"> (<a href="http://terminology.hl7.org/5.0.0/CodeSystem-SOPT.html">Source of Payment Typology</a>#5)</span></p><p><b>OPA Payer for Visit</b>: Medicare HMO <span style="background: LightGoldenRodYellow; margin: 4px; border: 1px solid khaki"> (<a href="http://terminology.hl7.org/5.0.0/CodeSystem-SOPT.html">Source of Payment Typology</a>#111)</span></p><p><b>status</b>: finished</p><p><b>class</b>: ambulatory (Details: http://terminology.hl7.org/CodeSystem/v3-ActCode code AMB = 'ambulatory', stated as 'ambulatory')</p><p><b>type</b>: Office Visit <span style="background: LightGoldenRodYellow; margin: 4px; border: 1px solid khaki"> (<a href="http://terminology.hl7.org/5.0.0/CodeSystem-CPT.html">Current Procedural Terminology (CPT®)</a>#99202)</span></p><p><b>subject</b>: <a href="#Patient_example-opa-patient">See above (Patient/example-opa-patient)</a></p><p><b>period</b>: 2023-04-05 17:00:14-0500 --&gt; 2023-04-13 18:00:14-0500</p></div>
        </text>
        <extension url="http://oash.org/fhir/us/opa/StructureDefinition/insurance-type">
          <valueCodeableConcept>
            <coding>
              <system value="https://nahdo.org/sopt"/>
              <code value="5"/>
              <display value="PRIVATE HEALTH INSURANCE"/>
            </coding>
            <text value="PRIVATE HEALTH INSURANCE"/>
          </valueCodeableConcept>
        </extension>
        <extension url="http://oash.org/fhir/us/opa/StructureDefinition/payer-for-visit">
          <valueCodeableConcept>
            <coding>
              <system value="https://nahdo.org/sopt"/>
              <code value="111"/>
              <display value="Medicare HMO"/>
            </coding>
            <text value="Medicare HMO"/>
          </valueCodeableConcept>
        </extension>
        <status value="finished"/>
        <class>
          <system value="http://terminology.hl7.org/CodeSystem/v3-ActCode"/>
          <code value="AMB"/>
          <display value="ambulatory"/>
        </class>
        <type>
          <coding>
            <system value="http://www.ama-assn.org/go/cpt"/>
            <code value="99202"/>
          </coding>
          <text value="Office Visit"/>
        </type>
        <subject>
          <reference value="Patient/example-opa-patient"/>
        </subject>
        <period>
          <start value="2023-04-05T17:00:14-05:00"/>
          <end value="2023-04-13T18:00:14-05:00"/>
        </period>
      </Encounter>
    </resource>
  </entry>
  <entry>
    <fullUrl value="http://example.org/fhir/Organization/example-opa-fp-provider-organization"/>
    <resource>
      <Organization>
        <id value="example-opa-fp-provider-organization"/>
        <meta>
          <versionId value="5"/>
          <lastUpdated value="2023-07-20T15:34:20.198Z"/>
          <profile value="http://hl7.org/fhir/us/core/StructureDefinition/us-core-organization"/>
        </meta>
        <text>
          <status value="generated"/><div xmlns="http://www.w3.org/1999/xhtml"><p><b>Generated Narrative: Organization</b><a name="example-opa-fp-provider-organization"> </a></p><div style="display: inline-block; background-color: #d9e0e7; padding: 6px; margin: 4px; border: 1px solid #8da1b4; border-radius: 5px; line-height: 60%"><p style="margin-bottom: 0px">Resource Organization &quot;example-opa-fp-provider-organization&quot; Version &quot;5&quot; Updated &quot;2023-07-20 15:34:20+0000&quot; </p><p style="margin-bottom: 0px">Profile: <a href="http://hl7.org/fhir/us/core/STU6.1/StructureDefinition-us-core-organization.html">US Core Organization Profile</a></p></div><p><b>identifier</b>: id: 1407071236</p><p><b>active</b>: true</p><p><b>type</b>: Healthcare Provider <span style="background: LightGoldenRodYellow; margin: 4px; border: 1px solid khaki"> (<a href="http://terminology.hl7.org/5.0.0/CodeSystem-organization-type.html">Organization type</a>#prov)</span></p><p><b>name</b>: Acme Clinic</p><p><b>telecom</b>: ph: (+1) 734-677-7777, <a href="mailto:customer-service@acme-clinic.org">customer-service@acme-clinic.org</a></p><p><b>address</b>: 3300 Washtenaw Avenue, Suite 227 Amherst MA 01002 USA </p></div>
        </text>
        <identifier>
          <system value="http://hl7.org/fhir/sid/us-npi"/>
          <value value="1407071236"/>
        </identifier>
        <active value="true"/>
        <type>
          <coding>
            <system value="http://terminology.hl7.org/CodeSystem/organization-type"/>
            <code value="prov"/>
            <display value="Healthcare Provider"/>
          </coding>
        </type>
        <name value="Acme Clinic"/>
        <telecom>
          <system value="phone"/>
          <value value="(+1) 734-677-7777"/>
        </telecom>
        <telecom>
          <system value="email"/>
          <value value="customer-service@acme-clinic.org"/>
        </telecom>
        <address>
          <line value="3300 Washtenaw Avenue, Suite 227"/>
          <city value="Amherst"/>
          <state value="MA"/>
          <postalCode value="01002"/>
          <country value="USA"/>
        </address>
      </Organization>
    </resource>
  </entry>
  <entry>
    <fullUrl value="http://example.org/fhir/Observation/example-opa-pap-smear-result-final"/>
    <resource>
      <Observation>
        <id value="example-opa-pap-smear-result-final"/>
        <meta>
          <versionId value="1"/>
          <lastUpdated value="2023-08-23T16:23:35.843Z"/>
          <profile value="http://oash.org/fhir/us/opa/StructureDefinition/pap-smear-result"/>
        </meta>
        <text>
          <status value="generated"/><div xmlns="http://www.w3.org/1999/xhtml"><p><b>Generated Narrative: Observation</b><a name="example-opa-pap-smear-result-final"> </a></p><div style="display: inline-block; background-color: #d9e0e7; padding: 6px; margin: 4px; border: 1px solid #8da1b4; border-radius: 5px; line-height: 60%"><p style="margin-bottom: 0px">Resource Observation &quot;example-opa-pap-smear-result-final&quot; Version &quot;1&quot; Updated &quot;2023-08-23 16:23:35+0000&quot; </p><p style="margin-bottom: 0px">Profile: <a href="StructureDefinition-pap-smear-result.html">Pap Smear Result</a></p></div><p><b>status</b>: final</p><p><b>category</b>: Laboratory <span style="background: LightGoldenRodYellow; margin: 4px; border: 1px solid khaki"> (<a href="http://terminology.hl7.org/5.0.0/CodeSystem-observation-category.html">Observation Category Codes</a>#laboratory)</span></p><p><b>code</b>: Microscopic observation [Identifier] in Cervical or vaginal smear or scraping by Cyto stain <span style="background: LightGoldenRodYellow; margin: 4px; border: 1px solid khaki"> (<a href="https://loinc.org/">LOINC</a>#19765-7)</span></p><p><b>subject</b>: <a href="#Patient_example-opa-patient">See above (Patient/example-opa-patient)</a></p><p><b>effective</b>: 2023-04-20 18:00:14-0500</p><p><b>performer</b>: <a href="PractitionerRole-example-opa-practitioner-role.html">PractitionerRole/example-opa-practitioner-role</a></p><p><b>value</b>: Specimen satisfactory for evaluation <span style="background: LightGoldenRodYellow; margin: 4px; border: 1px solid khaki"> (<a href="https://browser.ihtsdotools.org/">SNOMED CT</a>#125152006)</span></p></div>
        </text>
        <status value="final"/>
        <category>
          <coding>
            <system value="http://terminology.hl7.org/CodeSystem/observation-category"/>
            <code value="laboratory"/>
            <display value="Laboratory"/>
          </coding>
          <text value="Laboratory"/>
        </category>
        <code>
          <coding>
            <system value="http://loinc.org"/>
            <code value="19765-7"/>
            <display value="Microscopic observation [Identifier] in Cervical or vaginal smear or scraping by Cyto stain"/>
          </coding>
        </code>
        <subject>
          <reference value="Patient/example-opa-patient"/>
        </subject>
        <effectiveDateTime value="2023-04-20T18:00:14-05:00"/>
        <performer>
          <reference value="PractitionerRole/example-opa-practitioner-role"/>
        </performer>
        <valueCodeableConcept>
          <coding>
            <system value="http://snomed.info/sct"/>
            <code value="125152006"/>
            <display value="Specimen satisfactory for evaluation"/>
          </coding>
        </valueCodeableConcept>
      </Observation>
    </resource>
  </entry>
</Bundle>