{
  "resourceType" : "Encounter",
  "id" : "example-opa-encounter",
  "meta" : {
    "versionId" : "14",
    "lastUpdated" : "2023-08-24T15:21:44.206Z",
    "profile" : ["http://oash.org/fhir/us/opa/StructureDefinition/opa-encounter"]
  },
  "text" : {
    "status" : "extensions",
    "div" : "<div xmlns=\"http://www.w3.org/1999/xhtml\"><p><b>Generated Narrative: Encounter</b><a name=\"example-opa-encounter\"> </a></p><div style=\"display: inline-block; background-color: #d9e0e7; padding: 6px; margin: 4px; border: 1px solid #8da1b4; border-radius: 5px; line-height: 60%\"><p style=\"margin-bottom: 0px\">Resource Encounter &quot;example-opa-encounter&quot; Version &quot;14&quot; Updated &quot;2023-08-24 15:21:44+0000&quot; </p><p style=\"margin-bottom: 0px\">Profile: <a href=\"StructureDefinition-opa-encounter.html\">OPA Encounter</a></p></div><p><b>OPA Insurance Coverage Type</b>: PRIVATE HEALTH INSURANCE <span style=\"background: LightGoldenRodYellow; margin: 4px; border: 1px solid khaki\"> (<a href=\"http://terminology.hl7.org/5.0.0/CodeSystem-SOPT.html\">Source of Payment Typology</a>#5)</span></p><p><b>OPA Payer for Visit</b>: Medicare HMO <span style=\"background: LightGoldenRodYellow; margin: 4px; border: 1px solid khaki\"> (<a href=\"http://terminology.hl7.org/5.0.0/CodeSystem-SOPT.html\">Source of Payment Typology</a>#111)</span></p><p><b>status</b>: finished</p><p><b>class</b>: ambulatory (Details: http://terminology.hl7.org/CodeSystem/v3-ActCode code AMB = 'ambulatory', stated as 'ambulatory')</p><p><b>type</b>: Office Visit <span style=\"background: LightGoldenRodYellow; margin: 4px; border: 1px solid khaki\"> (<a href=\"http://terminology.hl7.org/5.0.0/CodeSystem-CPT.html\">Current Procedural Terminology (CPT®)</a>#99202)</span></p><p><b>subject</b>: <a href=\"Patient-example-opa-patient.html\">Patient/example-opa-patient</a> &quot; WOODROW&quot;</p><p><b>period</b>: 2023-04-13 17:00:14-0500 --&gt; 2023-04-13 18:00:14-0500</p></div>"
  },
  "extension" : [{
    "url" : "http://oash.org/fhir/us/opa/StructureDefinition/insurance-type",
    "valueCodeableConcept" : {
      "coding" : [{
        "system" : "https://nahdo.org/sopt",
        "code" : "5",
        "display" : "PRIVATE HEALTH INSURANCE"
      }],
      "text" : "PRIVATE HEALTH INSURANCE"
    }
  },
  {
    "url" : "http://oash.org/fhir/us/opa/StructureDefinition/payer-for-visit",
    "valueCodeableConcept" : {
      "coding" : [{
        "system" : "https://nahdo.org/sopt",
        "code" : "111",
        "display" : "Medicare HMO"
      }],
      "text" : "Medicare HMO"
    }
  }],
  "status" : "finished",
  "class" : {
    "system" : "http://terminology.hl7.org/CodeSystem/v3-ActCode",
    "code" : "AMB",
    "display" : "ambulatory"
  },
  "type" : [{
    "coding" : [{
      "system" : "http://www.ama-assn.org/go/cpt",
      "code" : "99202"
    }],
    "text" : "Office Visit"
  }],
  "subject" : {
    "reference" : "Patient/example-opa-patient"
  },
  "period" : {
    "start" : "2023-04-13T17:00:14-05:00",
    "end" : "2023-04-13T18:00:14-05:00"
  }
}