<?xml version="1.0" encoding="UTF-8"?>

<Encounter xmlns="http://hl7.org/fhir">
  <id value="example-opa-encounter"/>
  <meta>
    <versionId value="14"/>
    <lastUpdated value="2023-08-24T15:21:44.206Z"/>
    <profile value="http://oash.org/fhir/us/opa/StructureDefinition/opa-encounter"/>
  </meta>
  <text>
    <status value="extensions"/><div xmlns="http://www.w3.org/1999/xhtml"><p><b>Generated Narrative: Encounter</b><a name="example-opa-encounter"> </a></p><div style="display: inline-block; background-color: #d9e0e7; padding: 6px; margin: 4px; border: 1px solid #8da1b4; border-radius: 5px; line-height: 60%"><p style="margin-bottom: 0px">Resource Encounter &quot;example-opa-encounter&quot; Version &quot;14&quot; Updated &quot;2023-08-24 15:21:44+0000&quot; </p><p style="margin-bottom: 0px">Profile: <a href="StructureDefinition-opa-encounter.html">OPA Encounter</a></p></div><p><b>OPA Insurance Coverage Type</b>: PRIVATE HEALTH INSURANCE <span style="background: LightGoldenRodYellow; margin: 4px; border: 1px solid khaki"> (<a href="http://terminology.hl7.org/5.0.0/CodeSystem-SOPT.html">Source of Payment Typology</a>#5)</span></p><p><b>OPA Payer for Visit</b>: Medicare HMO <span style="background: LightGoldenRodYellow; margin: 4px; border: 1px solid khaki"> (<a href="http://terminology.hl7.org/5.0.0/CodeSystem-SOPT.html">Source of Payment Typology</a>#111)</span></p><p><b>status</b>: finished</p><p><b>class</b>: ambulatory (Details: http://terminology.hl7.org/CodeSystem/v3-ActCode code AMB = 'ambulatory', stated as 'ambulatory')</p><p><b>type</b>: Office Visit <span style="background: LightGoldenRodYellow; margin: 4px; border: 1px solid khaki"> (<a href="http://terminology.hl7.org/5.0.0/CodeSystem-CPT.html">Current Procedural Terminology (CPT®)</a>#99202)</span></p><p><b>subject</b>: <a href="Patient-example-opa-patient.html">Patient/example-opa-patient</a> &quot; WOODROW&quot;</p><p><b>period</b>: 2023-04-13 17:00:14-0500 --&gt; 2023-04-13 18:00:14-0500</p></div>
  </text>
  <extension url="http://oash.org/fhir/us/opa/StructureDefinition/insurance-type">
    <valueCodeableConcept>
      <coding>
        <system value="https://nahdo.org/sopt"/>
        <code value="5"/>
        <display value="PRIVATE HEALTH INSURANCE"/>
      </coding>
      <text value="PRIVATE HEALTH INSURANCE"/>
    </valueCodeableConcept>
  </extension>
  <extension url="http://oash.org/fhir/us/opa/StructureDefinition/payer-for-visit">
    <valueCodeableConcept>
      <coding>
        <system value="https://nahdo.org/sopt"/>
        <code value="111"/>
        <display value="Medicare HMO"/>
      </coding>
      <text value="Medicare HMO"/>
    </valueCodeableConcept>
  </extension>
  <status value="finished"/>
  <class>
    <system value="http://terminology.hl7.org/CodeSystem/v3-ActCode"/>
    <code value="AMB"/>
    <display value="ambulatory"/>
  </class>
  <type>
    <coding>
      <system value="http://www.ama-assn.org/go/cpt"/>
      <code value="99202"/>
    </coding>
    <text value="Office Visit"/>
  </type>
  <subject>
    <reference value="Patient/example-opa-patient"/>
  </subject>
  <period>
    <start value="2023-04-13T17:00:14-05:00"/>
    <end value="2023-04-13T18:00:14-05:00"/>
  </period>
</Encounter>