{
  "resourceType" : "Observation",
  "id" : "example-opa-household-size",
  "meta" : {
    "versionId" : "7",
    "lastUpdated" : "2023-07-20T15:34:13.937Z",
    "profile" : ["http://oash.org/fhir/us/opa/StructureDefinition/household-size"]
  },
  "text" : {
    "status" : "generated",
    "div" : "<div xmlns=\"http://www.w3.org/1999/xhtml\"><p><b>Generated Narrative: Observation</b><a name=\"example-opa-household-size\"> </a></p><div style=\"display: inline-block; background-color: #d9e0e7; padding: 6px; margin: 4px; border: 1px solid #8da1b4; border-radius: 5px; line-height: 60%\"><p style=\"margin-bottom: 0px\">Resource Observation &quot;example-opa-household-size&quot; Version &quot;7&quot; Updated &quot;2023-07-20 15:34:13+0000&quot; </p><p style=\"margin-bottom: 0px\">Profile: <a href=\"StructureDefinition-household-size.html\">Household Size</a></p></div><p><b>status</b>: final</p><p><b>category</b>: Survey <span style=\"background: LightGoldenRodYellow; margin: 4px; border: 1px solid khaki\"> (<a href=\"http://terminology.hl7.org/5.0.0/CodeSystem-observation-category.html\">Observation Category Codes</a>#survey)</span></p><p><b>code</b>: Household size [#] <span style=\"background: LightGoldenRodYellow; margin: 4px; border: 1px solid khaki\"> (<a href=\"https://loinc.org/\">LOINC</a>#86639-2)</span></p><p><b>subject</b>: <a href=\"Patient-example-opa-patient.html\">Patient/example-opa-patient</a> &quot; WOODROW&quot;</p><p><b>effective</b>: 2023-04-13 18:00:14-0500</p><p><b>performer</b>: <a href=\"PractitionerRole-example-opa-practitioner-role.html\">PractitionerRole/example-opa-practitioner-role</a></p><p><b>value</b>: 4</p></div>"
  },
  "status" : "final",
  "category" : [{
    "coding" : [{
      "system" : "http://terminology.hl7.org/CodeSystem/observation-category",
      "code" : "survey",
      "display" : "Survey"
    }]
  }],
  "code" : {
    "coding" : [{
      "system" : "http://loinc.org",
      "code" : "86639-2",
      "display" : "Household size [#]"
    }],
    "text" : "Household size [#]"
  },
  "subject" : {
    "reference" : "Patient/example-opa-patient"
  },
  "effectiveDateTime" : "2023-04-13T18:00:14-05:00",
  "performer" : [{
    "reference" : "PractitionerRole/example-opa-practitioner-role"
  }],
  "valueInteger" : 4
}