{
  "resourceType" : "Observation",
  "id" : "example-opa-body-height",
  "meta" : {
    "versionId" : "1",
    "lastUpdated" : "2023-08-04T15:32:18.865Z",
    "profile" : ["http://hl7.org/fhir/us/core/StructureDefinition/us-core-body-height"]
  },
  "text" : {
    "status" : "generated",
    "div" : "<div xmlns=\"http://www.w3.org/1999/xhtml\"><p><b>Generated Narrative: Observation</b><a name=\"example-opa-body-height\"> </a></p><div style=\"display: inline-block; background-color: #d9e0e7; padding: 6px; margin: 4px; border: 1px solid #8da1b4; border-radius: 5px; line-height: 60%\"><p style=\"margin-bottom: 0px\">Resource Observation &quot;example-opa-body-height&quot; Version &quot;1&quot; Updated &quot;2023-08-04 15:32:18+0000&quot; </p><p style=\"margin-bottom: 0px\">Profile: <a href=\"http://hl7.org/fhir/us/core/STU6.1/StructureDefinition-us-core-body-height.html\">US Core Body Height Profile</a></p></div><p><b>status</b>: final</p><p><b>category</b>: Vital Signs <span style=\"background: LightGoldenRodYellow; margin: 4px; border: 1px solid khaki\"> (<a href=\"http://terminology.hl7.org/5.0.0/CodeSystem-observation-category.html\">Observation Category Codes</a>#vital-signs)</span></p><p><b>code</b>: height <span style=\"background: LightGoldenRodYellow; margin: 4px; border: 1px solid khaki\"> (<a href=\"https://loinc.org/\">LOINC</a>#8302-2 &quot;Body height&quot;)</span></p><p><b>subject</b>: <a href=\"Patient-example-opa-patient.html\">Patient/example-opa-patient</a> &quot; WOODROW&quot;</p><p><b>effective</b>: 2023-04-13 18:00:14-0500</p><p><b>performer</b>: <a href=\"PractitionerRole-example-opa-practitioner-role.html\">PractitionerRole/example-opa-practitioner-role</a></p><p><b>value</b>: 111.506 cm<span style=\"background: LightGoldenRodYellow\"> (Details: UCUM code cm = 'cm')</span></p></div>"
  },
  "status" : "final",
  "category" : [{
    "coding" : [{
      "system" : "http://terminology.hl7.org/CodeSystem/observation-category",
      "code" : "vital-signs",
      "display" : "Vital Signs"
    }],
    "text" : "Vital Signs"
  }],
  "code" : {
    "coding" : [{
      "system" : "http://loinc.org",
      "code" : "8302-2",
      "display" : "Body height"
    }],
    "text" : "height"
  },
  "subject" : {
    "reference" : "Patient/example-opa-patient"
  },
  "effectiveDateTime" : "2023-04-13T18:00:14-05:00",
  "performer" : [{
    "reference" : "PractitionerRole/example-opa-practitioner-role"
  }],
  "valueQuantity" : {
    "value" : 111.506,
    "unit" : "cm",
    "system" : "http://unitsofmeasure.org",
    "code" : "cm"
  }
}