<?xml version="1.0" encoding="UTF-8"?>

<Parameters xmlns="http://hl7.org/fhir">
  <id value="expansion-parameters-opa"/>
  <meta>
    <versionId value="2"/>
    <lastUpdated value="2023-07-20T15:34:31.028Z"/>
  </meta>
  <parameter>
    <name value="profile-url"/>
    <valueString value="dc8fd4bc-091a-424a-8a3b-6198ef146891"/>
  </parameter>
  <parameter>
    <name value="system-version"/>
    <valueString value="http://snomed.info/sct|http://snomed.info/sct/731000124108"/>
  </parameter>
</Parameters>