{
  "resourceType" : "Patient",
  "id" : "example-opa-patient",
  "meta" : {
    "versionId" : "10",
    "lastUpdated" : "2023-08-09T17:01:13.300Z",
    "profile" : ["http://hl7.org/fhir/us/core/StructureDefinition/us-core-patient",
    "http://oash.org/fhir/us/opa/StructureDefinition/opa-patient"]
  },
  "text" : {
    "status" : "generated",
    "div" : "<div xmlns=\"http://www.w3.org/1999/xhtml\"><p style=\"border: 1px #661aff solid; background-color: #e6e6ff; padding: 10px;\"><b>Alisha Woodrow </b> female, DoB: 1990-07-22 ( Medical Record Number:\u00a0M00002232\u00a0(use:\u00a0USUAL))</p><hr/><table class=\"grid\"><tr><td style=\"background-color: #f3f5da\" title=\"Record is active\">Active:</td><td colspan=\"3\">true</td></tr><tr><td style=\"background-color: #f3f5da\" title=\"Ways to contact the Patient\">Contact Details:</td><td colspan=\"3\"><ul><li>ph: 555-555-5555(HOME)</li><li><a href=\"mailto:alisha.woodrow@example.com\">alisha.woodrow@example.com</a></li><li>555 Paul Rigal Blvd Dublin OH 43017 US </li></ul></td></tr><tr><td style=\"background-color: #f3f5da\" title=\"null\"><a href=\"StructureDefinition-client-asserted-sex.html\">Client Asserted Sex:</a></td><td colspan=\"3\"><ul><li>female</li></ul></td></tr><tr><td style=\"background-color: #f3f5da\" title=\"Concepts classifying the person into a named category of humans sharing common history, traits, geographical origin or nationality.  The ethnicity codes used to represent these concepts are based upon the [CDC ethnicity and Ethnicity Code Set Version 1.0](http://www.cdc.gov/phin/resources/vocabulary/index.html) which includes over 900 concepts for representing race and ethnicity of which 43 reference ethnicity.  The ethnicity concepts are grouped by and pre-mapped to the 2 OMB ethnicity categories: - Hispanic or Latino - Not Hispanic or Latino.\">US Core Ethnicity Extension:</td><td colspan=\"3\"><ul><li>ombCategory: <a href=\"http://terminology.hl7.org/5.0.0/CodeSystem-CDCREC.html#CDCREC-2135-2\">CDC Race and Ethnicity</a> 2135-2: Hispanic or Latino</li><li>text: Hispanic or Latino</li></ul></td></tr><tr><td style=\"background-color: #f3f5da\" title=\"A code classifying the person's sex assigned at birth  as specified by the [Office of the National Coordinator for Health IT (ONC)](https://www.healthit.gov/newsroom/about-onc). This extension aligns with the C-CDA Birth Sex Observation (LOINC 76689-9). After version 6.0.0, this extension is no longer a *USCDI Requirement*.\"><a href=\"http://hl7.org/fhir/us/core/STU6.1/StructureDefinition-us-core-birthsex.html\">US Core Birth Sex Extension:</a></td><td colspan=\"3\"><ul><li>F</li></ul></td></tr><tr><td style=\"background-color: #f3f5da\" title=\"Extension to convey Limited English Proficiency (DE#8). This concept further specifies a Patient's communication.\"><a href=\"StructureDefinition-english-proficiency.html\">English Proficiency Extension:</a></td><td colspan=\"3\"><ul><li><span title=\"Codes: {http://snomed.info/sct 455961000124100}\">Not proficient in English (finding)</span></li></ul></td></tr><tr><td style=\"background-color: #f3f5da\" title=\"Concepts classifying the person into a named category of humans sharing common history, traits, geographical origin or nationality.  The race codes used to represent these concepts are based upon the [CDC Race and Ethnicity Code Set Version 1.0](http://www.cdc.gov/phin/resources/vocabulary/index.html#3) which includes over 900 concepts for representing race and ethnicity of which 921 reference race.  The race concepts are grouped by and pre-mapped to the 5 OMB race categories:\n\n - American Indian or Alaska Native\n - Asian\n - Black or African American\n - Native Hawaiian or Other Pacific Islander\n - White.\">US Core Race Extension:</td><td colspan=\"3\"><ul><li>ombCategory: <a href=\"http://terminology.hl7.org/5.0.0/CodeSystem-CDCREC.html#CDCREC-2106-3\">CDC Race and Ethnicity</a> 2106-3: White</li><li>ombCategory: <a href=\"http://terminology.hl7.org/5.0.0/CodeSystem-CDCREC.html#CDCREC-1002-5\">CDC Race and Ethnicity</a> 1002-5: American Indian or Alaska Native</li><li>ombCategory: <a href=\"http://terminology.hl7.org/5.0.0/CodeSystem-CDCREC.html#CDCREC-2028-9\">CDC Race and Ethnicity</a> 2028-9: Asian</li><li>text: Mixed</li></ul></td></tr><tr><td style=\"background-color: #f3f5da\" title=\"This extension represents an individual's sense of being a man, woman, boy, girl, nonbinary, or something else, ascertained by asking them what that identity is. Systems requiring multiple gender identities and associated dates **SHOULD** use the FHIR R5 [genderIdentity extension](http://hl7.org/fhir/extensions/StructureDefinition-individual-genderIdentity.html). When future versions of US Core are based on FHIR R5, the FHIR R5 extension will supersede this extension.\"><a href=\"http://hl7.org/fhir/us/core/STU6.1/StructureDefinition-us-core-genderIdentity.html\">US Core Gender Identity Extension:</a></td><td colspan=\"3\"><ul><li><span title=\"Codes: {http://terminology.hl7.org/CodeSystem/v3-NullFlavor ASKU}\">asked but unknown</span></li></ul></td></tr></table></div>"
  },
  "extension" : [{
    "url" : "http://hl7.org/fhir/us/core/StructureDefinition/us-core-race",
    "extension" : [{
      "url" : "ombCategory",
      "valueCoding" : {
        "system" : "urn:oid:2.16.840.1.113883.6.238",
        "code" : "2106-3",
        "display" : "White"
      }
    },
    {
      "url" : "ombCategory",
      "valueCoding" : {
        "system" : "urn:oid:2.16.840.1.113883.6.238",
        "code" : "1002-5",
        "display" : "American Indian or Alaska Native"
      }
    },
    {
      "url" : "ombCategory",
      "valueCoding" : {
        "system" : "urn:oid:2.16.840.1.113883.6.238",
        "code" : "2028-9",
        "display" : "Asian"
      }
    },
    {
      "url" : "text",
      "valueString" : "Mixed"
    }]
  },
  {
    "url" : "http://hl7.org/fhir/us/core/StructureDefinition/us-core-ethnicity",
    "extension" : [{
      "url" : "ombCategory",
      "valueCoding" : {
        "system" : "urn:oid:2.16.840.1.113883.6.238",
        "code" : "2135-2",
        "display" : "Hispanic or Latino"
      }
    },
    {
      "url" : "text",
      "valueString" : "Hispanic or Latino"
    }]
  },
  {
    "url" : "http://hl7.org/fhir/us/core/StructureDefinition/us-core-birthsex",
    "valueCode" : "F"
  },
  {
    "url" : "http://hl7.org/fhir/us/core/StructureDefinition/us-core-genderIdentity",
    "valueCodeableConcept" : {
      "coding" : [{
        "system" : "http://terminology.hl7.org/CodeSystem/v3-NullFlavor",
        "code" : "ASKU",
        "display" : "asked but unknown"
      }],
      "text" : "asked but unknown"
    }
  },
  {
    "url" : "http://oash.org/fhir/us/opa/StructureDefinition/client-asserted-sex",
    "valueCode" : "female"
  },
  {
    "url" : "http://oash.org/fhir/us/opa/StructureDefinition/english-proficiency",
    "valueCodeableConcept" : {
      "coding" : [{
        "system" : "http://snomed.info/sct",
        "code" : "455961000124100",
        "display" : "Not proficient in English (finding)"
      }]
    }
  }],
  "identifier" : [{
    "use" : "usual",
    "type" : {
      "coding" : [{
        "system" : "http://terminology.hl7.org/CodeSystem/v2-0203",
        "code" : "MR",
        "display" : "Medical Record Number"
      }],
      "text" : "Medical Record Number"
    },
    "system" : "http://hospital.smarthealthit.org",
    "value" : "M00002232"
  }],
  "active" : true,
  "name" : [{
    "family" : "Woodrow",
    "given" : ["Alisha"],
    "period" : {
      "start" : "1990-07-22"
    }
  }],
  "telecom" : [{
    "system" : "phone",
    "value" : "555-555-5555",
    "use" : "home"
  },
  {
    "system" : "email",
    "value" : "alisha.woodrow@example.com"
  }],
  "gender" : "female",
  "birthDate" : "1990-07-22",
  "address" : [{
    "line" : ["555 Paul Rigal Blvd"],
    "city" : "Dublin",
    "state" : "OH",
    "postalCode" : "43017",
    "country" : "US",
    "period" : {
      "start" : "2020-07-22"
    }
  }]
}