<?xml version="1.0" encoding="UTF-8"?>

<Patient xmlns="http://hl7.org/fhir">
  <id value="example-opa-patient"/>
  <meta>
    <versionId value="10"/>
    <lastUpdated value="2023-08-09T17:01:13.300Z"/>
    <profile value="http://hl7.org/fhir/us/core/StructureDefinition/us-core-patient"/>
    <profile value="http://oash.org/fhir/us/opa/StructureDefinition/opa-patient"/>
  </meta>
  <text>
    <status value="generated"/><div xmlns="http://www.w3.org/1999/xhtml"><p style="border: 1px #661aff solid; background-color: #e6e6ff; padding: 10px;"><b>Alisha Woodrow </b> female, DoB: 1990-07-22 ( Medical Record Number: M00002232 (use: USUAL))</p><hr/><table class="grid"><tr><td style="background-color: #f3f5da" title="Record is active">Active:</td><td colspan="3">true</td></tr><tr><td style="background-color: #f3f5da" title="Ways to contact the Patient">Contact Details:</td><td colspan="3"><ul><li>ph: 555-555-5555(HOME)</li><li><a href="mailto:alisha.woodrow@example.com">alisha.woodrow@example.com</a></li><li>555 Paul Rigal Blvd Dublin OH 43017 US </li></ul></td></tr><tr><td style="background-color: #f3f5da" title="null"><a href="StructureDefinition-client-asserted-sex.html">Client Asserted Sex:</a></td><td colspan="3"><ul><li>female</li></ul></td></tr><tr><td style="background-color: #f3f5da" title="Concepts classifying the person into a named category of humans sharing common history, traits, geographical origin or nationality.  The ethnicity codes used to represent these concepts are based upon the [CDC ethnicity and Ethnicity Code Set Version 1.0](http://www.cdc.gov/phin/resources/vocabulary/index.html) which includes over 900 concepts for representing race and ethnicity of which 43 reference ethnicity.  The ethnicity concepts are grouped by and pre-mapped to the 2 OMB ethnicity categories: - Hispanic or Latino - Not Hispanic or Latino.">US Core Ethnicity Extension:</td><td colspan="3"><ul><li>ombCategory: <a href="http://terminology.hl7.org/5.0.0/CodeSystem-CDCREC.html#CDCREC-2135-2">CDC Race and Ethnicity</a> 2135-2: Hispanic or Latino</li><li>text: Hispanic or Latino</li></ul></td></tr><tr><td style="background-color: #f3f5da" title="A code classifying the person's sex assigned at birth  as specified by the [Office of the National Coordinator for Health IT (ONC)](https://www.healthit.gov/newsroom/about-onc). This extension aligns with the C-CDA Birth Sex Observation (LOINC 76689-9). After version 6.0.0, this extension is no longer a *USCDI Requirement*."><a href="http://hl7.org/fhir/us/core/STU6.1/StructureDefinition-us-core-birthsex.html">US Core Birth Sex Extension:</a></td><td colspan="3"><ul><li>F</li></ul></td></tr><tr><td style="background-color: #f3f5da" title="Extension to convey Limited English Proficiency (DE#8). This concept further specifies a Patient's communication."><a href="StructureDefinition-english-proficiency.html">English Proficiency Extension:</a></td><td colspan="3"><ul><li><span title="Codes: {http://snomed.info/sct 455961000124100}">Not proficient in English (finding)</span></li></ul></td></tr><tr><td style="background-color: #f3f5da" title="Concepts classifying the person into a named category of humans sharing common history, traits, geographical origin or nationality.  The race codes used to represent these concepts are based upon the [CDC Race and Ethnicity Code Set Version 1.0](http://www.cdc.gov/phin/resources/vocabulary/index.html#3) which includes over 900 concepts for representing race and ethnicity of which 921 reference race.  The race concepts are grouped by and pre-mapped to the 5 OMB race categories:

 - American Indian or Alaska Native
 - Asian
 - Black or African American
 - Native Hawaiian or Other Pacific Islander
 - White.">US Core Race Extension:</td><td colspan="3"><ul><li>ombCategory: <a href="http://terminology.hl7.org/5.0.0/CodeSystem-CDCREC.html#CDCREC-2106-3">CDC Race and Ethnicity</a> 2106-3: White</li><li>ombCategory: <a href="http://terminology.hl7.org/5.0.0/CodeSystem-CDCREC.html#CDCREC-1002-5">CDC Race and Ethnicity</a> 1002-5: American Indian or Alaska Native</li><li>ombCategory: <a href="http://terminology.hl7.org/5.0.0/CodeSystem-CDCREC.html#CDCREC-2028-9">CDC Race and Ethnicity</a> 2028-9: Asian</li><li>text: Mixed</li></ul></td></tr><tr><td style="background-color: #f3f5da" title="This extension represents an individual's sense of being a man, woman, boy, girl, nonbinary, or something else, ascertained by asking them what that identity is. Systems requiring multiple gender identities and associated dates **SHOULD** use the FHIR R5 [genderIdentity extension](http://hl7.org/fhir/extensions/StructureDefinition-individual-genderIdentity.html). When future versions of US Core are based on FHIR R5, the FHIR R5 extension will supersede this extension."><a href="http://hl7.org/fhir/us/core/STU6.1/StructureDefinition-us-core-genderIdentity.html">US Core Gender Identity Extension:</a></td><td colspan="3"><ul><li><span title="Codes: {http://terminology.hl7.org/CodeSystem/v3-NullFlavor ASKU}">asked but unknown</span></li></ul></td></tr></table></div>
  </text>
  <extension url="http://hl7.org/fhir/us/core/StructureDefinition/us-core-race">
    <extension url="ombCategory">
      <valueCoding>
        <system value="urn:oid:2.16.840.1.113883.6.238"/>
        <code value="2106-3"/>
        <display value="White"/>
      </valueCoding>
    </extension>
    <extension url="ombCategory">
      <valueCoding>
        <system value="urn:oid:2.16.840.1.113883.6.238"/>
        <code value="1002-5"/>
        <display value="American Indian or Alaska Native"/>
      </valueCoding>
    </extension>
    <extension url="ombCategory">
      <valueCoding>
        <system value="urn:oid:2.16.840.1.113883.6.238"/>
        <code value="2028-9"/>
        <display value="Asian"/>
      </valueCoding>
    </extension>
    <extension url="text">
      <valueString value="Mixed"/>
    </extension>
  </extension>
  <extension url="http://hl7.org/fhir/us/core/StructureDefinition/us-core-ethnicity">
    <extension url="ombCategory">
      <valueCoding>
        <system value="urn:oid:2.16.840.1.113883.6.238"/>
        <code value="2135-2"/>
        <display value="Hispanic or Latino"/>
      </valueCoding>
    </extension>
    <extension url="text">
      <valueString value="Hispanic or Latino"/>
    </extension>
  </extension>
  <extension url="http://hl7.org/fhir/us/core/StructureDefinition/us-core-birthsex">
    <valueCode value="F"/>
  </extension>
  <extension url="http://hl7.org/fhir/us/core/StructureDefinition/us-core-genderIdentity">
    <valueCodeableConcept>
      <coding>
        <system value="http://terminology.hl7.org/CodeSystem/v3-NullFlavor"/>
        <code value="ASKU"/>
        <display value="asked but unknown"/>
      </coding>
      <text value="asked but unknown"/>
    </valueCodeableConcept>
  </extension>
  <extension url="http://oash.org/fhir/us/opa/StructureDefinition/client-asserted-sex">
    <valueCode value="female"/>
  </extension>
  <extension url="http://oash.org/fhir/us/opa/StructureDefinition/english-proficiency">
    <valueCodeableConcept>
      <coding>
        <system value="http://snomed.info/sct"/>
        <code value="455961000124100"/>
        <display value="Not proficient in English (finding)"/>
      </coding>
    </valueCodeableConcept>
  </extension>
  <identifier>
    <use value="usual"/>
    <type>
      <coding>
        <system value="http://terminology.hl7.org/CodeSystem/v2-0203"/>
        <code value="MR"/>
        <display value="Medical Record Number"/>
      </coding>
      <text value="Medical Record Number"/>
    </type>
    <system value="http://hospital.smarthealthit.org"/>
    <value value="M00002232"/>
  </identifier>
  <active value="true"/>
  <name>
    <family value="Woodrow"/>
    <given value="Alisha"/>
    <period>
      <start value="1990-07-22"/>
    </period>
  </name>
  <telecom>
    <system value="phone"/>
    <value value="555-555-5555"/>
    <use value="home"/>
  </telecom>
  <telecom>
    <system value="email"/>
    <value value="alisha.woodrow@example.com"/>
  </telecom>
  <gender value="female"/>
  <birthDate value="1990-07-22"/>
  <address>
    <line value="555 Paul Rigal Blvd"/>
    <city value="Dublin"/>
    <state value="OH"/>
    <postalCode value="43017"/>
    <country value="US"/>
    <period>
      <start value="2020-07-22"/>
    </period>
  </address>
</Patient>