{
  "resourceType" : "Practitioner",
  "id" : "example-opa-practitioner",
  "meta" : {
    "versionId" : "4",
    "lastUpdated" : "2023-07-20T15:34:44.434Z"
  },
  "text" : {
    "status" : "generated",
    "div" : "<div xmlns=\"http://www.w3.org/1999/xhtml\"><p><b>Generated Narrative: Practitioner</b><a name=\"example-opa-practitioner\"> </a></p><div style=\"display: inline-block; background-color: #d9e0e7; padding: 6px; margin: 4px; border: 1px solid #8da1b4; border-radius: 5px; line-height: 60%\"><p style=\"margin-bottom: 0px\">Resource Practitioner &quot;example-opa-practitioner&quot; Version &quot;4&quot; Updated &quot;2023-07-20 15:34:44+0000&quot; </p></div><p><b>identifier</b>: id:\u00a023</p><p><b>active</b>: true</p><p><b>name</b>: Adam Careful </p><p><b>address</b>: 534 Erewhon St PleasantVille Vic 3999 (HOME)</p><h3>Qualifications</h3><table class=\"grid\"><tr><td style=\"display: none\">-</td><td><b>Identifier</b></td><td><b>Code</b></td><td><b>Period</b></td><td><b>Issuer</b></td></tr><tr><td style=\"display: none\">*</td><td>id:\u00a012345</td><td>Bachelor of Science <span style=\"background: LightGoldenRodYellow; margin: 4px; border: 1px solid khaki\"> (<a href=\"http://terminology.hl7.org/5.0.0/CodeSystem-v2-0360.html\">degreeLicenseCertificate</a>#BS)</span></td><td>1995 --&gt; (ongoing)</td><td><span>: Example University</span></td></tr></table></div>"
  },
  "identifier" : [{
    "system" : "http://www.acme.org/practitioners",
    "value" : "23"
  }],
  "active" : true,
  "name" : [{
    "family" : "Careful",
    "given" : ["Adam"],
    "prefix" : ["Dr"]
  }],
  "address" : [{
    "use" : "home",
    "line" : ["534 Erewhon St"],
    "city" : "PleasantVille",
    "state" : "Vic",
    "postalCode" : "3999"
  }],
  "qualification" : [{
    "identifier" : [{
      "system" : "http://example.org/UniversityIdentifier",
      "value" : "12345"
    }],
    "code" : {
      "coding" : [{
        "system" : "http://terminology.hl7.org/CodeSystem/v2-0360",
        "code" : "BS",
        "display" : "Bachelor of Science"
      }],
      "text" : "Bachelor of Science"
    },
    "period" : {
      "start" : "1995"
    },
    "issuer" : {
      "display" : "Example University"
    }
  }]
}