<?xml version="1.0" encoding="UTF-8"?>

<Practitioner xmlns="http://hl7.org/fhir">
  <id value="example-opa-practitioner"/>
  <meta>
    <versionId value="4"/>
    <lastUpdated value="2023-07-20T15:34:44.434Z"/>
  </meta>
  <text>
    <status value="generated"/><div xmlns="http://www.w3.org/1999/xhtml"><p><b>Generated Narrative: Practitioner</b><a name="example-opa-practitioner"> </a></p><div style="display: inline-block; background-color: #d9e0e7; padding: 6px; margin: 4px; border: 1px solid #8da1b4; border-radius: 5px; line-height: 60%"><p style="margin-bottom: 0px">Resource Practitioner &quot;example-opa-practitioner&quot; Version &quot;4&quot; Updated &quot;2023-07-20 15:34:44+0000&quot; </p></div><p><b>identifier</b>: id: 23</p><p><b>active</b>: true</p><p><b>name</b>: Adam Careful </p><p><b>address</b>: 534 Erewhon St PleasantVille Vic 3999 (HOME)</p><h3>Qualifications</h3><table class="grid"><tr><td style="display: none">-</td><td><b>Identifier</b></td><td><b>Code</b></td><td><b>Period</b></td><td><b>Issuer</b></td></tr><tr><td style="display: none">*</td><td>id: 12345</td><td>Bachelor of Science <span style="background: LightGoldenRodYellow; margin: 4px; border: 1px solid khaki"> (<a href="http://terminology.hl7.org/5.0.0/CodeSystem-v2-0360.html">degreeLicenseCertificate</a>#BS)</span></td><td>1995 --&gt; (ongoing)</td><td><span>: Example University</span></td></tr></table></div>
  </text>
  <identifier>
    <system value="http://www.acme.org/practitioners"/>
    <value value="23"/>
  </identifier>
  <active value="true"/>
  <name>
    <family value="Careful"/>
    <given value="Adam"/>
    <prefix value="Dr"/>
  </name>
  <address>
    <use value="home"/>
    <line value="534 Erewhon St"/>
    <city value="PleasantVille"/>
    <state value="Vic"/>
    <postalCode value="3999"/>
  </address>
  <qualification>
    <identifier>
      <system value="http://example.org/UniversityIdentifier"/>
      <value value="12345"/>
    </identifier>
    <code>
      <coding>
        <system value="http://terminology.hl7.org/CodeSystem/v2-0360"/>
        <code value="BS"/>
        <display value="Bachelor of Science"/>
      </coding>
      <text value="Bachelor of Science"/>
    </code>
    <period>
      <start value="1995"/>
    </period>
    <issuer>
      <display value="Example University"/>
    </issuer>
  </qualification>
</Practitioner>