{"resourceType":"ImplementationGuide","id":"oash.fhir.us.opa","meta":{"versionId":"209","lastUpdated":"2023-08-24T15:12:03.431Z"},"text":{"status":"extensions","div":"<div xmlns=\"http://www.w3.org/1999/xhtml\"><h2>FamilyPlanningAnnualReport</h2><p>The official URL for this implementation guide is: </p><pre>http://oash.org/fhir/us/opa/ImplementationGuide/oash.fhir.us.opa</pre></div>"},"url":"http://oash.org/fhir/us/opa/ImplementationGuide/oash.fhir.us.opa","version":"1.0.0","name":"FamilyPlanningAnnualReport","title":"Family Planning Annual Report (FPAR) Implementation Guide","status":"active","date":"2023-09-27T11:10:26-06:00","contact":[{"telecom":[{"system":"phone"}]}],"jurisdiction":[{"coding":[{"system":"urn:iso:std:iso:3166","code":"US","display":"United States of America"}],"text":"USA"}],"packageId":"oash.fhir.us.opa","license":"CC0-1.0","fhirVersion":["4.0.1"],"dependsOn":[{"id":"hl7tx","extension":[{"url":"http://hl7.org/fhir/tools/StructureDefinition/implementationguide-dependency-comment","valueMarkdown":"Automatically added as a dependency - all IGs depend on HL7 Terminology"}],"uri":"http://terminology.hl7.org/ImplementationGuide/hl7.terminology","packageId":"hl7.terminology.r4","version":"5.3.0"},{"id":"hl7ext","extension":[{"url":"http://hl7.org/fhir/tools/StructureDefinition/implementationguide-dependency-comment","valueMarkdown":"Automatically added as a dependency - all IGs depend on the HL7 Extension Pack"}],"uri":"http://hl7.org/fhir/extensions/ImplementationGuide/hl7.fhir.uv.extensions","packageId":"hl7.fhir.uv.extensions.r4","version":"1.0.0"},{"id":"hl7fhiruscore","uri":"http://hl7.org/fhir/us/core/ImplementationGuide/hl7.fhir.us.core#6.1.0","packageId":"hl7.fhir.us.core","version":"6.1.0"},{"id":"usnlmvsac","uri":"http://fhir.org/packages/us.nlm.vsac/ImplementationGuide/us.nlm.vsac","packageId":"us.nlm.vsac","version":"0.11.0"}],"definition":{"extension":[{"extension":[{"url":"code","valueString":"apply-jurisdiction"},{"url":"value","valueString":"false"}],"url":"http://hl7.org/fhir/tools/StructureDefinition/ig-parameter"},{"extension":[{"url":"code","valueString":"path-expansion-params"},{"url":"value","valueString":"resources/parameters/expansion-parameters-opa.xml"}],"url":"http://hl7.org/fhir/tools/StructureDefinition/ig-parameter"},{"extension":[{"url":"code","valueString":"copyrightyear"},{"url":"value","valueString":"2020+"}],"url":"http://hl7.org/fhir/tools/StructureDefinition/ig-parameter"},{"extension":[{"url":"code","valueString":"releaselabel"},{"url":"value","valueString":"CI Build"}],"url":"http://hl7.org/fhir/tools/StructureDefinition/ig-parameter"},{"extension":[{"url":"code","valueString":"autoload-resources"},{"url":"value","valueString":"true"}],"url":"http://hl7.org/fhir/tools/StructureDefinition/ig-parameter"},{"extension":[{"url":"code","valueString":"path-liquid"},{"url":"value","valueString":"template/liquid"}],"url":"http://hl7.org/fhir/tools/StructureDefinition/ig-parameter"},{"extension":[{"url":"code","valueString":"path-liquid"},{"url":"value","valueString":"input/liquid"}],"url":"http://hl7.org/fhir/tools/StructureDefinition/ig-parameter"},{"extension":[{"url":"code","valueString":"path-qa"},{"url":"value","valueString":"temp/qa"}],"url":"http://hl7.org/fhir/tools/StructureDefinition/ig-parameter"},{"extension":[{"url":"code","valueString":"path-temp"},{"url":"value","valueString":"temp/pages"}],"url":"http://hl7.org/fhir/tools/StructureDefinition/ig-parameter"},{"extension":[{"url":"code","valueString":"path-output"},{"url":"value","valueString":"output"}],"url":"http://hl7.org/fhir/tools/StructureDefinition/ig-parameter"},{"extension":[{"url":"code","valueString":"path-suppressed-warnings"},{"url":"value","valueString":"input/ignoreWarnings.txt"}],"url":"http://hl7.org/fhir/tools/StructureDefinition/ig-parameter"},{"extension":[{"url":"code","valueString":"path-history"},{"url":"value","valueString":"http://oash.org/fhir/us/opa/history.html"}],"url":"http://hl7.org/fhir/tools/StructureDefinition/ig-parameter"},{"extension":[{"url":"code","valueString":"template-html"},{"url":"value","valueString":"template-page.html"}],"url":"http://hl7.org/fhir/tools/StructureDefinition/ig-parameter"},{"extension":[{"url":"code","valueString":"template-md"},{"url":"value","valueString":"template-page-md.html"}],"url":"http://hl7.org/fhir/tools/StructureDefinition/ig-parameter"},{"extension":[{"url":"code","valueString":"apply-contact"},{"url":"value","valueString":"true"}],"url":"http://hl7.org/fhir/tools/StructureDefinition/ig-parameter"},{"extension":[{"url":"code","valueString":"apply-context"},{"url":"value","valueString":"true"}],"url":"http://hl7.org/fhir/tools/StructureDefinition/ig-parameter"},{"extension":[{"url":"code","valueString":"apply-copyright"},{"url":"value","valueString":"true"}],"url":"http://hl7.org/fhir/tools/StructureDefinition/ig-parameter"},{"extension":[{"url":"code","valueString":"apply-license"},{"url":"value","valueString":"true"}],"url":"http://hl7.org/fhir/tools/StructureDefinition/ig-parameter"},{"extension":[{"url":"code","valueString":"apply-publisher"},{"url":"value","valueString":"true"}],"url":"http://hl7.org/fhir/tools/StructureDefinition/ig-parameter"},{"extension":[{"url":"code","valueString":"apply-version"},{"url":"value","valueString":"true"}],"url":"http://hl7.org/fhir/tools/StructureDefinition/ig-parameter"},{"extension":[{"url":"code","valueString":"apply-wg"},{"url":"value","valueString":"true"}],"url":"http://hl7.org/fhir/tools/StructureDefinition/ig-parameter"},{"extension":[{"url":"code","valueString":"active-tables"},{"url":"value","valueString":"true"}],"url":"http://hl7.org/fhir/tools/StructureDefinition/ig-parameter"},{"extension":[{"url":"code","valueString":"fmm-definition"},{"url":"value","valueString":"http://hl7.org/fhir/versions.html#maturity"}],"url":"http://hl7.org/fhir/tools/StructureDefinition/ig-parameter"},{"extension":[{"url":"code","valueString":"propagate-status"},{"url":"value","valueString":"true"}],"url":"http://hl7.org/fhir/tools/StructureDefinition/ig-parameter"},{"extension":[{"url":"code","valueString":"excludelogbinaryformat"},{"url":"value","valueString":"true"}],"url":"http://hl7.org/fhir/tools/StructureDefinition/ig-parameter"},{"extension":[{"url":"code","valueString":"tabbed-snapshots"},{"url":"value","valueString":"true"}],"url":"http://hl7.org/fhir/tools/StructureDefinition/ig-parameter"},{"url":"http://hl7.org/fhir/tools/StructureDefinition/ig-internal-dependency","valueCode":"hl7.fhir.uv.tools#current"},{"extension":[{"url":"code","valueCode":"apply-jurisdiction"},{"url":"value","valueString":"false"}],"url":"http://hl7.org/fhir/tools/StructureDefinition/ig-parameter"},{"extension":[{"url":"code","valueCode":"path-expansion-params"},{"url":"value","valueString":"resources/parameters/expansion-parameters-opa.xml"}],"url":"http://hl7.org/fhir/tools/StructureDefinition/ig-parameter"},{"extension":[{"url":"code","valueCode":"copyrightyear"},{"url":"value","valueString":"2020+"}],"url":"http://hl7.org/fhir/tools/StructureDefinition/ig-parameter"},{"extension":[{"url":"code","valueCode":"releaselabel"},{"url":"value","valueString":"CI Build"}],"url":"http://hl7.org/fhir/tools/StructureDefinition/ig-parameter"},{"extension":[{"url":"code","valueCode":"autoload-resources"},{"url":"value","valueString":"true"}],"url":"http://hl7.org/fhir/tools/StructureDefinition/ig-parameter"},{"extension":[{"url":"code","valueCode":"path-liquid"},{"url":"value","valueString":"template/liquid"}],"url":"http://hl7.org/fhir/tools/StructureDefinition/ig-parameter"},{"extension":[{"url":"code","valueCode":"path-liquid"},{"url":"value","valueString":"input/liquid"}],"url":"http://hl7.org/fhir/tools/StructureDefinition/ig-parameter"},{"extension":[{"url":"code","valueCode":"path-qa"},{"url":"value","valueString":"temp/qa"}],"url":"http://hl7.org/fhir/tools/StructureDefinition/ig-parameter"},{"extension":[{"url":"code","valueCode":"path-temp"},{"url":"value","valueString":"temp/pages"}],"url":"http://hl7.org/fhir/tools/StructureDefinition/ig-parameter"},{"extension":[{"url":"code","valueCode":"path-output"},{"url":"value","valueString":"output"}],"url":"http://hl7.org/fhir/tools/StructureDefinition/ig-parameter"},{"extension":[{"url":"code","valueCode":"path-suppressed-warnings"},{"url":"value","valueString":"input/ignoreWarnings.txt"}],"url":"http://hl7.org/fhir/tools/StructureDefinition/ig-parameter"},{"extension":[{"url":"code","valueCode":"path-history"},{"url":"value","valueString":"http://oash.org/fhir/us/opa/history.html"}],"url":"http://hl7.org/fhir/tools/StructureDefinition/ig-parameter"},{"extension":[{"url":"code","valueCode":"template-html"},{"url":"value","valueString":"template-page.html"}],"url":"http://hl7.org/fhir/tools/StructureDefinition/ig-parameter"},{"extension":[{"url":"code","valueCode":"template-md"},{"url":"value","valueString":"template-page-md.html"}],"url":"http://hl7.org/fhir/tools/StructureDefinition/ig-parameter"},{"extension":[{"url":"code","valueCode":"apply-contact"},{"url":"value","valueString":"true"}],"url":"http://hl7.org/fhir/tools/StructureDefinition/ig-parameter"},{"extension":[{"url":"code","valueCode":"apply-context"},{"url":"value","valueString":"true"}],"url":"http://hl7.org/fhir/tools/StructureDefinition/ig-parameter"},{"extension":[{"url":"code","valueCode":"apply-copyright"},{"url":"value","valueString":"true"}],"url":"http://hl7.org/fhir/tools/StructureDefinition/ig-parameter"},{"extension":[{"url":"code","valueCode":"apply-license"},{"url":"value","valueString":"true"}],"url":"http://hl7.org/fhir/tools/StructureDefinition/ig-parameter"},{"extension":[{"url":"code","valueCode":"apply-publisher"},{"url":"value","valueString":"true"}],"url":"http://hl7.org/fhir/tools/StructureDefinition/ig-parameter"},{"extension":[{"url":"code","valueCode":"apply-version"},{"url":"value","valueString":"true"}],"url":"http://hl7.org/fhir/tools/StructureDefinition/ig-parameter"},{"extension":[{"url":"code","valueCode":"apply-wg"},{"url":"value","valueString":"true"}],"url":"http://hl7.org/fhir/tools/StructureDefinition/ig-parameter"},{"extension":[{"url":"code","valueCode":"active-tables"},{"url":"value","valueString":"true"}],"url":"http://hl7.org/fhir/tools/StructureDefinition/ig-parameter"},{"extension":[{"url":"code","valueCode":"fmm-definition"},{"url":"value","valueString":"http://hl7.org/fhir/versions.html#maturity"}],"url":"http://hl7.org/fhir/tools/StructureDefinition/ig-parameter"},{"extension":[{"url":"code","valueCode":"propagate-status"},{"url":"value","valueString":"true"}],"url":"http://hl7.org/fhir/tools/StructureDefinition/ig-parameter"},{"extension":[{"url":"code","valueCode":"excludelogbinaryformat"},{"url":"value","valueString":"true"}],"url":"http://hl7.org/fhir/tools/StructureDefinition/ig-parameter"},{"extension":[{"url":"code","valueCode":"tabbed-snapshots"},{"url":"value","valueString":"true"}],"url":"http://hl7.org/fhir/tools/StructureDefinition/ig-parameter"},{"extension":[{"url":"code","valueCode":"apply-jurisdiction"},{"url":"value","valueString":"false"}],"url":"http://hl7.org/fhir/tools/StructureDefinition/ig-parameter"},{"extension":[{"url":"code","valueCode":"path-expansion-params"},{"url":"value","valueString":"resources/parameters/expansion-parameters-opa.xml"}],"url":"http://hl7.org/fhir/tools/StructureDefinition/ig-parameter"},{"extension":[{"url":"code","valueCode":"copyrightyear"},{"url":"value","valueString":"2020+"}],"url":"http://hl7.org/fhir/tools/StructureDefinition/ig-parameter"},{"extension":[{"url":"code","valueCode":"releaselabel"},{"url":"value","valueString":"CI Build"}],"url":"http://hl7.org/fhir/tools/StructureDefinition/ig-parameter"},{"extension":[{"url":"code","valueCode":"autoload-resources"},{"url":"value","valueString":"true"}],"url":"http://hl7.org/fhir/tools/StructureDefinition/ig-parameter"},{"extension":[{"url":"code","valueCode":"path-liquid"},{"url":"value","valueString":"template/liquid"}],"url":"http://hl7.org/fhir/tools/StructureDefinition/ig-parameter"},{"extension":[{"url":"code","valueCode":"path-liquid"},{"url":"value","valueString":"input/liquid"}],"url":"http://hl7.org/fhir/tools/StructureDefinition/ig-parameter"},{"extension":[{"url":"code","valueCode":"path-qa"},{"url":"value","valueString":"temp/qa"}],"url":"http://hl7.org/fhir/tools/StructureDefinition/ig-parameter"},{"extension":[{"url":"code","valueCode":"path-temp"},{"url":"value","valueString":"temp/pages"}],"url":"http://hl7.org/fhir/tools/StructureDefinition/ig-parameter"},{"extension":[{"url":"code","valueCode":"path-output"},{"url":"value","valueString":"output"}],"url":"http://hl7.org/fhir/tools/StructureDefinition/ig-parameter"},{"extension":[{"url":"code","valueCode":"path-suppressed-warnings"},{"url":"value","valueString":"input/ignoreWarnings.txt"}],"url":"http://hl7.org/fhir/tools/StructureDefinition/ig-parameter"},{"extension":[{"url":"code","valueCode":"path-history"},{"url":"value","valueString":"http://oash.org/fhir/us/opa/history.html"}],"url":"http://hl7.org/fhir/tools/StructureDefinition/ig-parameter"},{"extension":[{"url":"code","valueCode":"template-html"},{"url":"value","valueString":"template-page.html"}],"url":"http://hl7.org/fhir/tools/StructureDefinition/ig-parameter"},{"extension":[{"url":"code","valueCode":"template-md"},{"url":"value","valueString":"template-page-md.html"}],"url":"http://hl7.org/fhir/tools/StructureDefinition/ig-parameter"},{"extension":[{"url":"code","valueCode":"apply-contact"},{"url":"value","valueString":"true"}],"url":"http://hl7.org/fhir/tools/StructureDefinition/ig-parameter"},{"extension":[{"url":"code","valueCode":"apply-context"},{"url":"value","valueString":"true"}],"url":"http://hl7.org/fhir/tools/StructureDefinition/ig-parameter"},{"extension":[{"url":"code","valueCode":"apply-copyright"},{"url":"value","valueString":"true"}],"url":"http://hl7.org/fhir/tools/StructureDefinition/ig-parameter"},{"extension":[{"url":"code","valueCode":"apply-license"},{"url":"value","valueString":"true"}],"url":"http://hl7.org/fhir/tools/StructureDefinition/ig-parameter"},{"extension":[{"url":"code","valueCode":"apply-publisher"},{"url":"value","valueString":"true"}],"url":"http://hl7.org/fhir/tools/StructureDefinition/ig-parameter"},{"extension":[{"url":"code","valueCode":"apply-version"},{"url":"value","valueString":"true"}],"url":"http://hl7.org/fhir/tools/StructureDefinition/ig-parameter"},{"extension":[{"url":"code","valueCode":"apply-wg"},{"url":"value","valueString":"true"}],"url":"http://hl7.org/fhir/tools/StructureDefinition/ig-parameter"},{"extension":[{"url":"code","valueCode":"active-tables"},{"url":"value","valueString":"true"}],"url":"http://hl7.org/fhir/tools/StructureDefinition/ig-parameter"},{"extension":[{"url":"code","valueCode":"fmm-definition"},{"url":"value","valueString":"http://hl7.org/fhir/versions.html#maturity"}],"url":"http://hl7.org/fhir/tools/StructureDefinition/ig-parameter"},{"extension":[{"url":"code","valueCode":"propagate-status"},{"url":"value","valueString":"true"}],"url":"http://hl7.org/fhir/tools/StructureDefinition/ig-parameter"},{"extension":[{"url":"code","valueCode":"excludelogbinaryformat"},{"url":"value","valueString":"true"}],"url":"http://hl7.org/fhir/tools/StructureDefinition/ig-parameter"},{"extension":[{"url":"code","valueCode":"tabbed-snapshots"},{"url":"value","valueString":"true"}],"url":"http://hl7.org/fhir/tools/StructureDefinition/ig-parameter"}],"grouping":[{"id":"new-group6","name":"Submission Bundles Profiles"},{"id":"new-group5","name":"OPA General Profiles"},{"id":"new-group7","name":"OPA Extensions"},{"id":"new-group2","name":"Family Planning Observation Profiles"},{"id":"new-group1","name":"Lab Testing Profiles"},{"id":"new-group11","name":"Submission Bundle Examples"},{"id":"new-group3","name":"OPA General Examples"},{"id":"new-group8","name":"Family Planning Observation Examples"},{"id":"new-group9","name":"Lab Testing Examples - Preliminary"},{"id":"new-group10","name":"Lab Testing Examples - Final"},{"id":"new-group4","name":"Terminology"}],"resource":[{"extension":[{"url":"http://hl7.org/fhir/tools/StructureDefinition/resource-sort","valueInteger":999999999},{"url":"http://hl7.org/fhir/StructureDefinition/implementationguide-page","valueUri":"StructureDefinition-encounter-submission-full-report.html"}],"reference":{"reference":"StructureDefinition/encounter-submission-full-report","display":"EncounterSubmissionFullReport"},"name":"Encounter Submission Full Report","description":"The Bundle Profile defines how all encounter data (DEs #1-43) are to be submitted as a FHIR Bundle. Note- subsequent lab result reports should not use this profile (see Subsequent Lab Result Submission Bundle profile).\n\nOnly ordered STI tests, regardless of result availability, should be included in submission Bundles. For example, if a Patient has Chlamydia, HIV, Syphilis and HPV tests ordered (i.e. no Gonorrhoeae or Pap Smear tests ordered), this Patient’s full Encounter Submission Bundle would include four STI Lab Observation Bundle entries (one pertaining to each ordered test). The submission Bundle will never contain any data pertaining to not-ordered lab tests. In the above example scenario, this Patient’s full submission Bundle would not contain Observation entries pertaining to Gonorrhoeae or Pap Smear).\n\nSTI Lab Observations that have been ordered but do not have a result available for any reason are expected to contain an Observation.status=preliminary. If/When the result becomes available, a Subsequent Lab Result Submission Bundle should be compiled and submitted.","exampleBoolean":false,"groupingId":"new-group6"},{"extension":[{"url":"http://hl7.org/fhir/tools/StructureDefinition/resource-sort","valueInteger":999999999},{"url":"http://hl7.org/fhir/StructureDefinition/implementationguide-page","valueUri":"StructureDefinition-subsequent-lab-results-submission.html"}],"reference":{"reference":"StructureDefinition/subsequent-lab-results-submission","display":"SubsequentLabResultSubmission"},"name":"Subsequent Lab Result Submission","description":"Subsequent Lab Result Submission Profile defines a subsequent lab results Bundle for submission. Submission Bundles conforming to this profile are only expected subsequently to an initial Encounter Submission Full Report. Subsequent Lab Result Bundles SHALL contain an 'originalBundleReference' extension which includes a valueIdentifier pertaining to the Bundle.identifier of the original Encounter Submission Full Report Bundle.","exampleBoolean":false,"groupingId":"new-group6"},{"extension":[{"url":"http://hl7.org/fhir/tools/StructureDefinition/resource-sort","valueInteger":999999999},{"url":"http://hl7.org/fhir/StructureDefinition/implementationguide-page","valueUri":"StructureDefinition-opa-patient.html"}],"reference":{"reference":"StructureDefinition/opa-patient","display":"OPA Patient"},"name":"OPA Patient","description":"OPA Patient conforms to US Core Patient and requires birthDate (DE#4, #6, #7, #8, #9, #10, #43)","exampleBoolean":false,"groupingId":"new-group5"},{"extension":[{"url":"http://hl7.org/fhir/tools/StructureDefinition/resource-sort","valueInteger":999999999},{"url":"http://hl7.org/fhir/StructureDefinition/implementationguide-page","valueUri":"StructureDefinition-opa-encounter.html"}],"reference":{"reference":"StructureDefinition/opa-encounter","display":"OPAEncounter"},"name":"OPA Encounter","description":"US Core Encounter with .period required (DE#5)","exampleBoolean":false,"groupingId":"new-group5"},{"extension":[{"url":"http://hl7.org/fhir/tools/StructureDefinition/resource-sort","valueInteger":999999999},{"url":"http://hl7.org/fhir/StructureDefinition/implementationguide-page","valueUri":"StructureDefinition-opa-practitioner-role.html"}],"reference":{"reference":"StructureDefinition/opa-practitioner-role","display":"OPAPractitionerRole"},"name":"OPA Provider Role","description":"PractitionerRole profile bound to an allowable subset of PractitionerRole codes (DE#2, #3)","exampleBoolean":false,"groupingId":"new-group5"},{"extension":[{"url":"http://hl7.org/fhir/tools/StructureDefinition/resource-sort","valueInteger":999999999},{"url":"http://hl7.org/fhir/StructureDefinition/implementationguide-page","valueUri":"StructureDefinition-fp-provider-organization.html"}],"reference":{"reference":"StructureDefinition/fp-provider-organization","display":"FamilyPlanningProviderOrganization"},"name":"OPA Family Planning Provider Organization","description":"Family Planning Provider Organization (DE#1)","exampleBoolean":false,"groupingId":"new-group5"},{"extension":[{"url":"http://hl7.org/fhir/tools/StructureDefinition/resource-sort","valueInteger":999999999},{"url":"http://hl7.org/fhir/StructureDefinition/implementationguide-page","valueUri":"StructureDefinition-payer-for-visit.html"}],"reference":{"reference":"StructureDefinition/payer-for-visit","display":"PayerForVisit"},"name":"Payer For Visit","description":"Extension for Payer For Visit (DE#14)","exampleBoolean":false,"groupingId":"new-group7"},{"extension":[{"url":"http://hl7.org/fhir/tools/StructureDefinition/resource-sort","valueInteger":999999999},{"url":"http://hl7.org/fhir/StructureDefinition/implementationguide-page","valueUri":"StructureDefinition-insurance-type.html"}],"reference":{"reference":"StructureDefinition/insurance-type","display":"InsuranceType"},"name":"Insurance Coverage Type","description":"Extension for Insurance Coverage Type (DE#13)","exampleBoolean":false,"groupingId":"new-group7"},{"extension":[{"url":"http://hl7.org/fhir/tools/StructureDefinition/resource-sort","valueInteger":999999999},{"url":"http://hl7.org/fhir/StructureDefinition/implementationguide-page","valueUri":"StructureDefinition-english-proficiency.html"}],"reference":{"reference":"StructureDefinition/english-proficiency","display":"EnglishProficiencyExtension"},"name":"English Proficiency","description":"Extension to convey Limited English Proficiency (DE#8). This extension is expected to extend Patient.communication.","exampleBoolean":false,"groupingId":"new-group7"},{"extension":[{"url":"http://hl7.org/fhir/tools/StructureDefinition/resource-sort","valueInteger":999999999},{"url":"http://hl7.org/fhir/StructureDefinition/implementationguide-page","valueUri":"StructureDefinition-client-asserted-sex.html"}],"reference":{"reference":"StructureDefinition/client-asserted-sex","display":"ClientAssertedSex"},"name":"Client Asserted Sex","description":"'Sex' as asserted by the Patient (client)","exampleBoolean":false,"groupingId":"new-group7"},{"extension":[{"url":"http://hl7.org/fhir/tools/StructureDefinition/resource-sort","valueInteger":999999999},{"url":"http://hl7.org/fhir/StructureDefinition/implementationguide-page","valueUri":"StructureDefinition-contraceptive-method-intake.html"}],"reference":{"reference":"StructureDefinition/contraceptive-method-intake","display":"ContraceptiveMethodIntake"},"name":"Contraceptive Method - Intake","description":"Contraceptive method at intake (DE#17)","exampleBoolean":false,"groupingId":"new-group2"},{"extension":[{"url":"http://hl7.org/fhir/tools/StructureDefinition/resource-sort","valueInteger":999999999},{"url":"http://hl7.org/fhir/StructureDefinition/implementationguide-page","valueUri":"StructureDefinition-contraceptive-method-exit.html"}],"reference":{"reference":"StructureDefinition/contraceptive-method-exit","display":"ContraceptiveMethodExit"},"name":"Contraceptive Method - Exit","description":"Contraceptive method at exit (DE#19)","exampleBoolean":false,"groupingId":"new-group2"},{"extension":[{"url":"http://hl7.org/fhir/tools/StructureDefinition/resource-sort","valueInteger":999999999},{"url":"http://hl7.org/fhir/StructureDefinition/implementationguide-page","valueUri":"StructureDefinition-no-contraceptive-reason-intake.html"}],"reference":{"reference":"StructureDefinition/no-contraceptive-reason-intake","display":"NoContraceptiveReasonIntake"},"name":"Reason For No Contraceptive - Intake","description":"Reason for no contraceptive method use at intake (DE#18)","exampleBoolean":false,"groupingId":"new-group2"},{"extension":[{"url":"http://hl7.org/fhir/tools/StructureDefinition/resource-sort","valueInteger":999999999},{"url":"http://hl7.org/fhir/StructureDefinition/implementationguide-page","valueUri":"StructureDefinition-no-contraceptive-reason-exit.html"}],"reference":{"reference":"StructureDefinition/no-contraceptive-reason-exit","display":"NoContraceptiveReasonExit"},"name":"Reason For No Contraceptive - Exit","description":"Reason for no contraceptive method use at exit (DE#20)","exampleBoolean":false,"groupingId":"new-group2"},{"extension":[{"url":"http://hl7.org/fhir/tools/StructureDefinition/resource-sort","valueInteger":999999999},{"url":"http://hl7.org/fhir/StructureDefinition/implementationguide-page","valueUri":"StructureDefinition-contraceptive-counseling.html"}],"reference":{"reference":"StructureDefinition/contraceptive-counseling","display":"ContraceptiveCounseling"},"name":"Contraceptive Counseling","description":"How contraceptive counseling was provided (DE #21). If counseling was not provided, use Observation.dataAbsentReason (DE#22). Observation.valueCodeableConcept should contain one of the allowable VSAC codes for how counseling was provided.","exampleBoolean":false,"groupingId":"new-group2"},{"extension":[{"url":"http://hl7.org/fhir/tools/StructureDefinition/resource-sort","valueInteger":999999999},{"url":"http://hl7.org/fhir/StructureDefinition/implementationguide-page","valueUri":"StructureDefinition-pregnancy-counseling.html"}],"reference":{"reference":"StructureDefinition/pregnancy-counseling","display":"PregnancyCounseling"},"name":"Pregnancy Counseling","description":"Pregnancy Counseling was provided (DE#23)","exampleBoolean":false,"groupingId":"new-group2"},{"extension":[{"url":"http://hl7.org/fhir/tools/StructureDefinition/resource-sort","valueInteger":999999999},{"url":"http://hl7.org/fhir/StructureDefinition/implementationguide-page","valueUri":"StructureDefinition-seeking-counseling.html"}],"reference":{"reference":"StructureDefinition/seeking-counseling","display":"SeekingCounseling"},"name":"Seeking Counseling","description":"Observation to convey 'Do you want to talk about contraceptive or pregnancy prevention during your visit today?' (DE#41)","exampleBoolean":false,"groupingId":"new-group2"},{"extension":[{"url":"http://hl7.org/fhir/tools/StructureDefinition/resource-sort","valueInteger":999999999},{"url":"http://hl7.org/fhir/StructureDefinition/implementationguide-page","valueUri":"StructureDefinition-household-income.html"}],"reference":{"reference":"StructureDefinition/household-income","display":"HouseholdIncome"},"name":"Household Income","description":"Household income profile (DE#11)","exampleBoolean":false,"groupingId":"new-group2"},{"extension":[{"url":"http://hl7.org/fhir/tools/StructureDefinition/resource-sort","valueInteger":999999999},{"url":"http://hl7.org/fhir/StructureDefinition/implementationguide-page","valueUri":"StructureDefinition-household-size.html"}],"reference":{"reference":"StructureDefinition/household-size","display":"HouseholdSize"},"name":"Household Size","description":"Placeholder text for household size (DE#12)","exampleBoolean":false,"groupingId":"new-group2"},{"extension":[{"url":"http://hl7.org/fhir/tools/StructureDefinition/resource-sort","valueInteger":999999999},{"url":"http://hl7.org/fhir/StructureDefinition/implementationguide-page","valueUri":"StructureDefinition-neisseria-gonorrhoeae-result.html"}],"reference":{"reference":"StructureDefinition/neisseria-gonorrhoeae-result","display":"NeisseriaGonorrhoeaeResult"},"name":"Neisseria Gonorrhoeae Result","description":"Neisseria Gonorrhoeae Result (DE#36). If a Neisseria Gonorrhoeae test was not performed at this visit (DE#35), the submission Bundle should not include an Observation (entry) representing this lab result.","exampleBoolean":false,"groupingId":"new-group1"},{"extension":[{"url":"http://hl7.org/fhir/tools/StructureDefinition/resource-sort","valueInteger":999999999},{"url":"http://hl7.org/fhir/StructureDefinition/implementationguide-page","valueUri":"StructureDefinition-chlamydia-result.html"}],"reference":{"reference":"StructureDefinition/chlamydia-result","display":"ChlamydiaTrachomatisResult"},"name":"Chlamydia Trachomatis Result","description":"Chlamydia Trachomatis Result (DE#34). If a Chlamydia Trachomatis test was not performed in this visit (DE#33), the submission Bundle should not include an Observation (entry) representing this lab result.","exampleBoolean":false,"groupingId":"new-group1"},{"extension":[{"url":"http://hl7.org/fhir/tools/StructureDefinition/resource-sort","valueInteger":999999999},{"url":"http://hl7.org/fhir/StructureDefinition/implementationguide-page","valueUri":"StructureDefinition-pap-smear-result.html"}],"reference":{"reference":"StructureDefinition/pap-smear-result","display":"PapSmearResult"},"name":"Pap Smear Result","description":"Pap Smear Result (DE#30). If a pap smear test was not performed in this visit (DE#29), the submission Bundle should not include an Observation (entry) representing this lab result.","exampleBoolean":false,"groupingId":"new-group1"},{"extension":[{"url":"http://hl7.org/fhir/tools/StructureDefinition/resource-sort","valueInteger":999999999},{"url":"http://hl7.org/fhir/StructureDefinition/implementationguide-page","valueUri":"StructureDefinition-hiv-1-2-result.html"}],"reference":{"reference":"StructureDefinition/hiv-1-2-result","display":"HIV1and2Result"},"name":"HIV 1&2 Result","description":"HIV 1&2 Result (DE#32). If a HIV test was not performed in this visit (DE#31), the submission Bundle should not include an Observation (entry) representing this lab result.","exampleBoolean":false,"groupingId":"new-group1"},{"extension":[{"url":"http://hl7.org/fhir/tools/StructureDefinition/resource-sort","valueInteger":999999999},{"url":"http://hl7.org/fhir/StructureDefinition/implementationguide-page","valueUri":"StructureDefinition-syphilis-result.html"}],"reference":{"reference":"StructureDefinition/syphilis-result","display":"SyphilisResult"},"name":"Syphilis Result","description":"Syphilis Result (DE#40). If a Syphilis test was not performed in this visit (DE#39), the submission Bundle should not include an Observation (entry) representing this lab result.","exampleBoolean":false,"groupingId":"new-group1"},{"extension":[{"url":"http://hl7.org/fhir/tools/StructureDefinition/resource-sort","valueInteger":999999999},{"url":"http://hl7.org/fhir/StructureDefinition/implementationguide-page","valueUri":"StructureDefinition-hpv-result.html"}],"reference":{"reference":"StructureDefinition/hpv-result","display":"HPVResult"},"name":"HPV Result","description":"HPV Result (DE#32). If HPV test was not performed in this visit (DE#31), the submission Bundle should not include an Observation (entry) representing this lab result.","exampleBoolean":false,"groupingId":"new-group1"},{"extension":[{"url":"http://hl7.org/fhir/tools/StructureDefinition/resource-sort","valueInteger":999999999},{"url":"http://hl7.org/fhir/StructureDefinition/implementationguide-page","valueUri":"Bundle-example-opa-full-encounter-submission-bundle-1.html"}],"reference":{"reference":"Bundle/example-opa-full-encounter-submission-bundle-1"},"name":"Encounter Submission Full Report Example","description":"This Bundle exemplifies a scenario of an encounter where the Patient reported using an oral contraceptive at intake, had a contraceptive provision method of a procedure during the encounter, and at exit, reported contraceptive method of an IUD.\n\nThe following information was documented: patient, provider and encounter details, vital signs for blood pressure, height and weight, smoking status, sexual orientation, pregnancy status and intent, contraceptive method at intake and exit, reason for no contraceptive use at intake, contraceptive and pregnancy counseling provided, and five possible STI lab tests (pending pap-smear, HPV, Chlamydia, Gonorrhoaea, and HIV).\n\nNote the pap smear Observation exemplifies a pending/preliminary result (Observation.status=preliminary and .value is omitted). No test for syphilis was ordered as part of this example encounter and therefore, no Observation pertaining to Syphilis is included in this Bundle.\n\nBecause contraceptive methods at intake and exit were provided, reasons for no contraceptive method (at intake and exit) are omitted from this Bundle.","exampleBoolean":true,"groupingId":"new-group11"},{"extension":[{"url":"http://hl7.org/fhir/tools/StructureDefinition/resource-sort","valueInteger":999999999},{"url":"http://hl7.org/fhir/StructureDefinition/implementationguide-page","valueUri":"Bundle-example-opa-full-encounter-submission-bundle-2.html"}],"reference":{"reference":"Bundle/example-opa-full-encounter-submission-bundle-2"},"name":"Encounter Submission Full Report Example 2","description":"This Bundle example exemplifies a scenario of an encounter where the Patient reported no contraceptive use because she wants to become pregnant, and has responded ‘true’ in response to ‘Counseling to achieve pregnancy was provided’ (Observation.code=86655-8). This Patient therefore does not have contraceptive counseling provided (i.e. Contraceptive Counseling Observation is omitted). This Patient also has a pregnancy status of ‘not pregnant’ and a pregnancy intent of ‘wants to become pregnant’.\n\nThis Patient is also an ex-smoker, has a heterosexual sexual orientation. This example does not include any STI tests/results.","exampleBoolean":true,"groupingId":"new-group11"},{"extension":[{"url":"http://hl7.org/fhir/tools/StructureDefinition/resource-sort","valueInteger":999999999},{"url":"http://hl7.org/fhir/StructureDefinition/implementationguide-page","valueUri":"Bundle-example-opa-full-encounter-submission-bundle-3.html"}],"reference":{"reference":"Bundle/example-opa-full-encounter-submission-bundle-3"},"name":"Encounter Submission Full Report Example 3","description":"This Bundle exemplifies a scenario of multiple encounters where the Patient is seeking lab testing for chlamydia and has required multiple STI tests for diagnosis and treatment. The following information was documented: patient, provider and encounter details, vital signs for blood pressure, height and weight, smoking status, sexual orientation, and three chlamydia lab tests; one lab test that was deemed inconclusive, a second test that was taken a month later and was found to be positive, and a third preliminary test to retest the patient after treatment. Because contraceptive methods at intake and exit were provided, reasons for no contraceptive method (at intake and exit) are omitted from this Bundle.","exampleBoolean":true,"groupingId":"new-group11"},{"extension":[{"url":"http://hl7.org/fhir/tools/StructureDefinition/resource-sort","valueInteger":999999999},{"url":"http://hl7.org/fhir/StructureDefinition/implementationguide-page","valueUri":"Bundle-example-opa-subsequent-lab-result-submission-bundle.html"}],"reference":{"reference":"Bundle/example-opa-subsequent-lab-result-submission-bundle"},"name":"Subsequent Lab Result Submission Bundle","description":"This Bundle exemplifies the finalization of a the pap-smear Lab Result Observation. Subsequent Lab Result Bundle.identifier SHALL match (system and value) the Bundle.identifier of the Bundle to which it is associated.","exampleBoolean":true,"groupingId":"new-group11"},{"extension":[{"url":"http://hl7.org/fhir/tools/StructureDefinition/resource-sort","valueInteger":999999999},{"url":"http://hl7.org/fhir/StructureDefinition/implementationguide-page","valueUri":"Patient-example-opa-patient.html"}],"reference":{"reference":"Patient/example-opa-patient"},"name":"OPA Patient example","description":"OPA Patient example","exampleCanonical":"http://oash.org/fhir/us/opa/StructureDefinition/opa-patient","groupingId":"new-group3"},{"extension":[{"url":"http://hl7.org/fhir/tools/StructureDefinition/resource-sort","valueInteger":999999999},{"url":"http://hl7.org/fhir/StructureDefinition/implementationguide-page","valueUri":"Encounter-example-opa-encounter.html"}],"reference":{"reference":"Encounter/example-opa-encounter"},"name":"OPA Encounter example","description":"OPA Encounter example","exampleCanonical":"http://oash.org/fhir/us/opa/StructureDefinition/opa-encounter","groupingId":"new-group3"},{"extension":[{"url":"http://hl7.org/fhir/tools/StructureDefinition/resource-sort","valueInteger":999999999},{"url":"http://hl7.org/fhir/StructureDefinition/implementationguide-page","valueUri":"PractitionerRole-example-opa-practitioner-role.html"}],"reference":{"reference":"PractitionerRole/example-opa-practitioner-role"},"name":"OPA PractitionerRole example","description":"OPA PractitionerRole example","exampleCanonical":"http://oash.org/fhir/us/opa/StructureDefinition/opa-practitioner-role","groupingId":"new-group3"},{"extension":[{"url":"http://hl7.org/fhir/tools/StructureDefinition/resource-sort","valueInteger":999999999},{"url":"http://hl7.org/fhir/StructureDefinition/implementationguide-page","valueUri":"Practitioner-example-opa-practitioner.html"}],"reference":{"reference":"Practitioner/example-opa-practitioner"},"name":"Practitioner example (US Core)","description":"US Core Practitioner example","exampleBoolean":true,"groupingId":"new-group3"},{"extension":[{"url":"http://hl7.org/fhir/tools/StructureDefinition/resource-sort","valueInteger":999999999},{"url":"http://hl7.org/fhir/StructureDefinition/implementationguide-page","valueUri":"Organization-example-opa-fp-provider-organization.html"}],"reference":{"reference":"Organization/example-opa-fp-provider-organization","display":"OPA Family Planning Clinic example"},"name":"OPA Family Planning Clinic example","description":"OPA Family Planning Clinic example","exampleCanonical":"http://oash.org/fhir/us/core/StructureDefinition/fp-provider-organization","groupingId":"new-group3"},{"extension":[{"url":"http://hl7.org/fhir/tools/StructureDefinition/resource-sort","valueInteger":999999999},{"url":"http://hl7.org/fhir/StructureDefinition/implementationguide-page","valueUri":"Observation-example-opa-blood-pressure.html"}],"reference":{"reference":"Observation/example-opa-blood-pressure"},"name":"Blood Pressure example (US Core)","description":"Blood Pressure example (US Core)","exampleCanonical":"http://hl7.org/fhir/us/core/StructureDefinition/us-core-blood-pressure","groupingId":"new-group3"},{"extension":[{"url":"http://hl7.org/fhir/tools/StructureDefinition/resource-sort","valueInteger":999999999},{"url":"http://hl7.org/fhir/StructureDefinition/implementationguide-page","valueUri":"Observation-example-opa-body-height.html"}],"reference":{"reference":"Observation/example-opa-body-height"},"name":"Body Height example (US Core)","description":"Body Height example (US Core)","exampleCanonical":"http://hl7.org/fhir/us/core/StructureDefinition/us-core-body-height","groupingId":"new-group3"},{"extension":[{"url":"http://hl7.org/fhir/tools/StructureDefinition/resource-sort","valueInteger":999999999},{"url":"http://hl7.org/fhir/StructureDefinition/implementationguide-page","valueUri":"Observation-example-opa-body-weight.html"}],"reference":{"reference":"Observation/example-opa-body-weight"},"name":"Body Weight example (US Core)","description":"Body Weight example (US Core)","exampleCanonical":"http://hl7.org/fhir/us/core/StructureDefinition/us-core-body-weight","groupingId":"new-group3"},{"extension":[{"url":"http://hl7.org/fhir/tools/StructureDefinition/resource-sort","valueInteger":999999999},{"url":"http://hl7.org/fhir/StructureDefinition/implementationguide-page","valueUri":"Observation-example-opa-smoking-status.html"}],"reference":{"reference":"Observation/example-opa-smoking-status"},"name":"Smoking Status example (US Core)","description":"Smoking Status example (US Core)","exampleCanonical":"http://hl7.org/fhir/us/core/StructureDefinition/us-core-smokingstatus","groupingId":"new-group3"},{"extension":[{"url":"http://hl7.org/fhir/tools/StructureDefinition/resource-sort","valueInteger":999999999},{"url":"http://hl7.org/fhir/StructureDefinition/implementationguide-page","valueUri":"Observation-example-opa-sexual-orientation.html"}],"reference":{"reference":"Observation/example-opa-sexual-orientation"},"name":"Sexual Orientation example (US Core)","description":"Sexual Orientation example (DE#42). Pregnancy Status Observations shall conform to US Core Sexual Orientation profile","exampleCanonical":"http://hl7.org/fhir/us/core/StructureDefinition/us-core-observation-sexual-orientation","groupingId":"new-group3"},{"extension":[{"url":"http://hl7.org/fhir/tools/StructureDefinition/resource-sort","valueInteger":999999999},{"url":"http://hl7.org/fhir/StructureDefinition/implementationguide-page","valueUri":"Observation-example-opa-pregnancy-status.html"}],"reference":{"reference":"Observation/example-opa-pregnancy-status","display":"Pregnancy Status example"},"name":"Pregnancy Status example (US Core)","description":"Pregnancy Status example (DE#15). Pregnancy Status Observations shall conform to US Core Pregnancy Status profile","exampleCanonical":"http://hl7.org/fhir/us/core/StructureDefinition/us-core-observation-pregnancystatus","groupingId":"new-group3"},{"extension":[{"url":"http://hl7.org/fhir/tools/StructureDefinition/resource-sort","valueInteger":999999999},{"url":"http://hl7.org/fhir/StructureDefinition/implementationguide-page","valueUri":"Observation-example-opa-pregnancy-intent.html"}],"reference":{"reference":"Observation/example-opa-pregnancy-intent","display":"Pregnancy Intention example"},"name":"Pregnancy Intention example (US Core)","description":"Pregnancy intention example (DE#16). Pregnancy Intention Observations shall conform to US Core Pregnancy Intention profile","exampleCanonical":"http://hl7.org/fhir/us/core/StructureDefinition/us-core-observation-pregnancyintent","groupingId":"new-group3"},{"extension":[{"url":"http://hl7.org/fhir/tools/StructureDefinition/resource-sort","valueInteger":999999999},{"url":"http://hl7.org/fhir/StructureDefinition/implementationguide-page","valueUri":"Observation-example-opa-contraceptive-counseling.html"}],"reference":{"reference":"Observation/example-opa-contraceptive-counseling","display":"Contraceptive Counseling- Intake Observation example"},"name":"Contraceptive Counseling- Intake Observation example","description":"Contraceptive Counseling- Intake Observation example","exampleCanonical":"http://oash.org/fhir/us/opa/StructureDefinition/contraceptive-counseling","groupingId":"new-group8"},{"extension":[{"url":"http://hl7.org/fhir/tools/StructureDefinition/resource-sort","valueInteger":999999999},{"url":"http://hl7.org/fhir/StructureDefinition/implementationguide-page","valueUri":"Observation-example-opa-contraceptive-counseling-not-given.html"}],"reference":{"reference":"Observation/example-opa-contraceptive-counseling-not-given","display":"Contraceptive Counseling not given example"},"name":"Contraceptive Counseling not given example","description":"Contraceptive Counseling not given example","exampleCanonical":"http://oash.org/fhir/us/opa/StructureDefinition/contraceptive-counciling","groupingId":"new-group8"},{"extension":[{"url":"http://hl7.org/fhir/tools/StructureDefinition/resource-sort","valueInteger":999999999},{"url":"http://hl7.org/fhir/StructureDefinition/implementationguide-page","valueUri":"Observation-example-opa-contraceptive-method-intake.html"}],"reference":{"reference":"Observation/example-opa-contraceptive-method-intake","display":"Contraceptive Method - Intake Observation example"},"name":"Contraceptive Method - Intake Observation example","description":"Contraceptive Method - Intake Observation example","exampleCanonical":"http://oash.org/fhir/us/opa/StructureDefinition/contraceptive-method-intake","groupingId":"new-group8"},{"extension":[{"url":"http://hl7.org/fhir/tools/StructureDefinition/resource-sort","valueInteger":999999999},{"url":"http://hl7.org/fhir/StructureDefinition/implementationguide-page","valueUri":"Observation-example-opa-contraceptive-method-exit.html"}],"reference":{"reference":"Observation/example-opa-contraceptive-method-exit","display":"Contraceptive Method - Exit Observation example"},"name":"Contraceptive Method - Exit Observation example","description":"Contraceptive Method - Exit Observation example","exampleCanonical":"http://oash.org/fhir/us/opa/StructureDefinition/contraceptive-method-exit","groupingId":"new-group8"},{"extension":[{"url":"http://hl7.org/fhir/tools/StructureDefinition/resource-sort","valueInteger":999999999},{"url":"http://hl7.org/fhir/StructureDefinition/implementationguide-page","valueUri":"Observation-example-opa-no-contraceptive-method-intake.html"}],"reference":{"reference":"Observation/example-opa-no-contraceptive-method-intake","display":"No Contraceptive Method - Intake example"},"name":"No Contraceptive Method - Intake example","description":"No Contraceptive Method - Intake example","exampleCanonical":"http://oash.org/fhir/us/opa/StructureDefinition/no-contraceptive-reason-intake","groupingId":"new-group8"},{"extension":[{"url":"http://hl7.org/fhir/tools/StructureDefinition/resource-sort","valueInteger":999999999},{"url":"http://hl7.org/fhir/StructureDefinition/implementationguide-page","valueUri":"Observation-example-opa-no-contraceptive-method-exit.html"}],"reference":{"reference":"Observation/example-opa-no-contraceptive-method-exit","display":"No Contraceptive Method - Exit example"},"name":"No Contraceptive Method - Exit example","description":"No Contraceptive Method - Exit example","exampleCanonical":"http://oash.org/fhir/us/opa/StructureDefinition/no-contraceptive-reason-exit","groupingId":"new-group8"},{"extension":[{"url":"http://hl7.org/fhir/tools/StructureDefinition/resource-sort","valueInteger":999999999},{"url":"http://hl7.org/fhir/StructureDefinition/implementationguide-page","valueUri":"Observation-example-opa-pregnancy-counseling.html"}],"reference":{"reference":"Observation/example-opa-pregnancy-counseling","display":"Pregnancy Counseling example"},"name":"Pregnancy Counseling example","description":"Pregnancy Counseling example","exampleCanonical":"http://oash.org/fhir/us/opa/StructureDefinition/pregnancy-counseling","groupingId":"new-group8"},{"extension":[{"url":"http://hl7.org/fhir/tools/StructureDefinition/resource-sort","valueInteger":999999999},{"url":"http://hl7.org/fhir/StructureDefinition/implementationguide-page","valueUri":"Observation-example-opa-seeking-counseling.html"}],"reference":{"reference":"Observation/example-opa-seeking-counseling","display":"Seeking Counseling example"},"name":"Seeking Counseling example","description":"Seeking Counseling example","exampleBoolean":true,"groupingId":"new-group8"},{"extension":[{"url":"http://hl7.org/fhir/tools/StructureDefinition/resource-sort","valueInteger":999999999},{"url":"http://hl7.org/fhir/StructureDefinition/implementationguide-page","valueUri":"Observation-example-opa-household-income.html"}],"reference":{"reference":"Observation/example-opa-household-income","display":"Household Income example"},"name":"Household Income example","description":"Household Income example","exampleCanonical":"http://oash.org/fhir/us/opa/StructureDefinition/household-income","groupingId":"new-group8"},{"extension":[{"url":"http://hl7.org/fhir/tools/StructureDefinition/resource-sort","valueInteger":999999999},{"url":"http://hl7.org/fhir/StructureDefinition/implementationguide-page","valueUri":"Observation-example-opa-household-size.html"}],"reference":{"reference":"Observation/example-opa-household-size","display":"Household Size example"},"name":"Household Size example","description":"Household Size example","exampleCanonical":"http://oash.org/fhir/us/opa/StructureDefinition/household-size","groupingId":"new-group8"},{"extension":[{"url":"http://hl7.org/fhir/tools/StructureDefinition/resource-sort","valueInteger":999999999},{"url":"http://hl7.org/fhir/StructureDefinition/implementationguide-page","valueUri":"Observation-example-opa-pap-smear-result-prelim.html"}],"reference":{"reference":"Observation/example-opa-pap-smear-result-prelim"},"name":"Pap Smear Lab Result example - Preliminary","description":"Pap Smear Lab Result example - Preliminary","exampleCanonical":"http://oash.org/fhir/us/opa/StructureDefinition/pap-smear-result","groupingId":"new-group9"},{"extension":[{"url":"http://hl7.org/fhir/tools/StructureDefinition/resource-sort","valueInteger":999999999},{"url":"http://hl7.org/fhir/StructureDefinition/implementationguide-page","valueUri":"Observation-example-opa-chlamydia-result-prelim.html"}],"reference":{"reference":"Observation/example-opa-chlamydia-result-prelim"},"name":"Chlamydia Lab Result example - Preliminary","description":"Chlamydia Lab Result example - Preliminary","exampleCanonical":"http://oash.org/fhir/us/opa/StructureDefinition/chlamydia-result","groupingId":"new-group9"},{"extension":[{"url":"http://hl7.org/fhir/tools/StructureDefinition/resource-sort","valueInteger":999999999},{"url":"http://hl7.org/fhir/StructureDefinition/implementationguide-page","valueUri":"Observation-example-opa-hpv-result-prelim.html"}],"reference":{"reference":"Observation/example-opa-hpv-result-prelim"},"name":"HPV Lab Result example - Preliminary","description":"HPV Lab Result example - Preliminary","exampleCanonical":"http://oash.org/fhir/us/opa/StructureDefinition/hpv-result","groupingId":"new-group9"},{"extension":[{"url":"http://hl7.org/fhir/tools/StructureDefinition/resource-sort","valueInteger":999999999},{"url":"http://hl7.org/fhir/StructureDefinition/implementationguide-page","valueUri":"Observation-example-opa-neisseria-gonorrhoeae-result-prelim.html"}],"reference":{"reference":"Observation/example-opa-neisseria-gonorrhoeae-result-prelim"},"name":"Neisseria Gonorrhoeae Lab Result example - Preliminary","description":"Neisseria Gonorrhoeae Lab Result example - Preliminary","exampleCanonical":"http://oash.org/fhir/us/opa/StructureDefinition/neisseria-gonorrhoeae-result","groupingId":"new-group9"},{"extension":[{"url":"http://hl7.org/fhir/tools/StructureDefinition/resource-sort","valueInteger":999999999},{"url":"http://hl7.org/fhir/StructureDefinition/implementationguide-page","valueUri":"Observation-example-opa-hiv-1-2-result-prelim.html"}],"reference":{"reference":"Observation/example-opa-hiv-1-2-result-prelim"},"name":"HIV Lab Result example - Preliminary","description":"HIV Lab Result example - Preliminary","exampleCanonical":"http://oash.org/fhir/us/opa/StructureDefinition/hiv-1-2-result","groupingId":"new-group9"},{"extension":[{"url":"http://hl7.org/fhir/tools/StructureDefinition/resource-sort","valueInteger":999999999},{"url":"http://hl7.org/fhir/StructureDefinition/implementationguide-page","valueUri":"Observation-example-opa-syphilis-result-prelim.html"}],"reference":{"reference":"Observation/example-opa-syphilis-result-prelim"},"name":"Syphilis Lab Result example - Preliminary","description":"Syphilis Lab Result example - Preliminary","exampleCanonical":"http://oash.org/fhir/us/opa/StructureDefinition/syphilis-result","groupingId":"new-group9"},{"extension":[{"url":"http://hl7.org/fhir/tools/StructureDefinition/resource-sort","valueInteger":999999999},{"url":"http://hl7.org/fhir/StructureDefinition/implementationguide-page","valueUri":"Observation-example-opa-pap-smear-result-final.html"}],"reference":{"reference":"Observation/example-opa-pap-smear-result-final"},"name":"Pap Smear Lab Result example - Final","description":"Pap Smear Lab Result example - Final","exampleCanonical":"http://oash.org/fhir/us/opa/StructureDefinition/pap-smear-result","groupingId":"new-group10"},{"extension":[{"url":"http://hl7.org/fhir/tools/StructureDefinition/resource-sort","valueInteger":999999999},{"url":"http://hl7.org/fhir/StructureDefinition/implementationguide-page","valueUri":"Observation-example-opa-chlamydia-result-final.html"}],"reference":{"reference":"Observation/example-opa-chlamydia-result-final"},"name":"Chlamydia Lab Result example - Final","description":"Chlamydia Lab Result example - Final","exampleCanonical":"http://oash.org/fhir/us/opa/StructureDefinition/chlamydia-result","groupingId":"new-group10"},{"extension":[{"url":"http://hl7.org/fhir/tools/StructureDefinition/resource-sort","valueInteger":999999999},{"url":"http://hl7.org/fhir/StructureDefinition/implementationguide-page","valueUri":"Observation-example-opa-hpv-result-final.html"}],"reference":{"reference":"Observation/example-opa-hpv-result-final"},"name":"HPV Lab Result example - Final","description":"HPV Lab Result example - Final","exampleCanonical":"http://oash.org/fhir/us/opa/StructureDefinition/hpv-result","groupingId":"new-group10"},{"extension":[{"url":"http://hl7.org/fhir/tools/StructureDefinition/resource-sort","valueInteger":999999999},{"url":"http://hl7.org/fhir/StructureDefinition/implementationguide-page","valueUri":"Observation-example-opa-neisseria-gonorrhoeae-result-final.html"}],"reference":{"reference":"Observation/example-opa-neisseria-gonorrhoeae-result-final"},"name":"Neisseria Gonorrhoeae Lab Result example - Final","description":"Neisseria Gonorrhoeae Lab Result example - Final","exampleCanonical":"http://oash.org/fhir/us/opa/StructureDefinition/neisseria-gonorrhoeae-result","groupingId":"new-group10"},{"extension":[{"url":"http://hl7.org/fhir/tools/StructureDefinition/resource-sort","valueInteger":999999999},{"url":"http://hl7.org/fhir/StructureDefinition/implementationguide-page","valueUri":"Observation-example-opa-hiv-1-2-result-final.html"}],"reference":{"reference":"Observation/example-opa-hiv-1-2-result-final"},"name":"HIV Lab Result example - Final","description":"HIV Lab Result example - Final","exampleCanonical":"http://oash.org/fhir/us/opa/StructureDefinition/hiv-1-2-result","groupingId":"new-group10"},{"extension":[{"url":"http://hl7.org/fhir/tools/StructureDefinition/resource-sort","valueInteger":999999999},{"url":"http://hl7.org/fhir/StructureDefinition/implementationguide-page","valueUri":"Observation-example-opa-syphilis-result-final.html"}],"reference":{"reference":"Observation/example-opa-syphilis-result-final"},"name":"Syphilis Lab Result example - Final","description":"Syphilis Lab Result example - Final","exampleCanonical":"http://oash.org/fhir/us/opa/StructureDefinition/syphilis-result","groupingId":"new-group10"},{"extension":[{"url":"http://hl7.org/fhir/tools/StructureDefinition/resource-sort","valueInteger":999999999},{"url":"http://hl7.org/fhir/StructureDefinition/implementationguide-page","valueUri":"Parameters-expansion-parameters-opa.html"}],"reference":{"reference":"Parameters/expansion-parameters-opa"},"name":"US Edition of Snomed","description":"US Edition of Snomed","exampleBoolean":true,"groupingId":"new-group4"}],"page":{"extension":[{"url":"http://hl7.org/fhir/tools/StructureDefinition/ig-page-name","valueUrl":"toc.html"}],"nameUrl":"toc.html","title":"Table of Contents","generation":"html","page":[{"extension":[{"url":"http://hl7.org/fhir/tools/StructureDefinition/ig-page-name","valueUrl":"index.html"}],"nameUrl":"index.html","title":"Home Page","generation":"markdown"},{"extension":[{"url":"http://hl7.org/fhir/tools/StructureDefinition/ig-page-name","valueUrl":"overview.html"}],"nameUrl":"overview.html","title":"Overview","generation":"markdown"},{"extension":[{"url":"http://hl7.org/fhir/tools/StructureDefinition/ig-page-name","valueUrl":"data_elements.html"}],"nameUrl":"data_elements.html","title":"Data Elements","generation":"markdown"},{"extension":[{"url":"http://hl7.org/fhir/tools/StructureDefinition/ig-page-name","valueUrl":"reuse_of_external_profiles.html"}],"nameUrl":"reuse_of_external_profiles.html","title":"Reuse of External Profiles","generation":"markdown"},{"extension":[{"url":"http://hl7.org/fhir/tools/StructureDefinition/ig-page-name","valueUrl":"downloads.html"}],"nameUrl":"downloads.html","title":"Downloads","generation":"markdown"},{"extension":[{"url":"http://hl7.org/fhir/tools/StructureDefinition/ig-page-name","valueUrl":"artifacts.html"}],"nameUrl":"artifacts.html","title":"Artifacts Summary","generation":"html","page":[{"extension":[{"url":"http://hl7.org/fhir/tools/StructureDefinition/ig-page-name","valueUrl":"StructureDefinition-encounter-submission-full-report.html"}],"nameUrl":"StructureDefinition-encounter-submission-full-report.html","title":"Encounter Submission Full Report","generation":"generated"},{"extension":[{"url":"http://hl7.org/fhir/tools/StructureDefinition/ig-page-name","valueUrl":"StructureDefinition-subsequent-lab-results-submission.html"}],"nameUrl":"StructureDefinition-subsequent-lab-results-submission.html","title":"Subsequent Lab Result Submission","generation":"generated"},{"extension":[{"url":"http://hl7.org/fhir/tools/StructureDefinition/ig-page-name","valueUrl":"StructureDefinition-opa-patient.html"}],"nameUrl":"StructureDefinition-opa-patient.html","title":"OPA Patient","generation":"generated"},{"extension":[{"url":"http://hl7.org/fhir/tools/StructureDefinition/ig-page-name","valueUrl":"StructureDefinition-opa-encounter.html"}],"nameUrl":"StructureDefinition-opa-encounter.html","title":"OPA Encounter","generation":"generated"},{"extension":[{"url":"http://hl7.org/fhir/tools/StructureDefinition/ig-page-name","valueUrl":"StructureDefinition-opa-practitioner-role.html"}],"nameUrl":"StructureDefinition-opa-practitioner-role.html","title":"OPA Provider Role","generation":"generated"},{"extension":[{"url":"http://hl7.org/fhir/tools/StructureDefinition/ig-page-name","valueUrl":"StructureDefinition-fp-provider-organization.html"}],"nameUrl":"StructureDefinition-fp-provider-organization.html","title":"OPA Family Planning Provider Organization","generation":"generated"},{"extension":[{"url":"http://hl7.org/fhir/tools/StructureDefinition/ig-page-name","valueUrl":"StructureDefinition-payer-for-visit.html"}],"nameUrl":"StructureDefinition-payer-for-visit.html","title":"Payer For Visit","generation":"generated"},{"extension":[{"url":"http://hl7.org/fhir/tools/StructureDefinition/ig-page-name","valueUrl":"StructureDefinition-insurance-type.html"}],"nameUrl":"StructureDefinition-insurance-type.html","title":"Insurance Coverage Type","generation":"generated"},{"extension":[{"url":"http://hl7.org/fhir/tools/StructureDefinition/ig-page-name","valueUrl":"StructureDefinition-english-proficiency.html"}],"nameUrl":"StructureDefinition-english-proficiency.html","title":"English Proficiency","generation":"generated"},{"extension":[{"url":"http://hl7.org/fhir/tools/StructureDefinition/ig-page-name","valueUrl":"StructureDefinition-client-asserted-sex.html"}],"nameUrl":"StructureDefinition-client-asserted-sex.html","title":"Client Asserted Sex","generation":"generated"},{"extension":[{"url":"http://hl7.org/fhir/tools/StructureDefinition/ig-page-name","valueUrl":"StructureDefinition-contraceptive-method-intake.html"}],"nameUrl":"StructureDefinition-contraceptive-method-intake.html","title":"Contraceptive Method - Intake","generation":"generated"},{"extension":[{"url":"http://hl7.org/fhir/tools/StructureDefinition/ig-page-name","valueUrl":"StructureDefinition-contraceptive-method-exit.html"}],"nameUrl":"StructureDefinition-contraceptive-method-exit.html","title":"Contraceptive Method - Exit","generation":"generated"},{"extension":[{"url":"http://hl7.org/fhir/tools/StructureDefinition/ig-page-name","valueUrl":"StructureDefinition-no-contraceptive-reason-intake.html"}],"nameUrl":"StructureDefinition-no-contraceptive-reason-intake.html","title":"Reason For No Contraceptive - Intake","generation":"generated"},{"extension":[{"url":"http://hl7.org/fhir/tools/StructureDefinition/ig-page-name","valueUrl":"StructureDefinition-no-contraceptive-reason-exit.html"}],"nameUrl":"StructureDefinition-no-contraceptive-reason-exit.html","title":"Reason For No Contraceptive - Exit","generation":"generated"},{"extension":[{"url":"http://hl7.org/fhir/tools/StructureDefinition/ig-page-name","valueUrl":"StructureDefinition-contraceptive-counseling.html"}],"nameUrl":"StructureDefinition-contraceptive-counseling.html","title":"Contraceptive Counseling","generation":"generated"},{"extension":[{"url":"http://hl7.org/fhir/tools/StructureDefinition/ig-page-name","valueUrl":"StructureDefinition-pregnancy-counseling.html"}],"nameUrl":"StructureDefinition-pregnancy-counseling.html","title":"Pregnancy Counseling","generation":"generated"},{"extension":[{"url":"http://hl7.org/fhir/tools/StructureDefinition/ig-page-name","valueUrl":"StructureDefinition-seeking-counseling.html"}],"nameUrl":"StructureDefinition-seeking-counseling.html","title":"Seeking Counseling","generation":"generated"},{"extension":[{"url":"http://hl7.org/fhir/tools/StructureDefinition/ig-page-name","valueUrl":"StructureDefinition-household-income.html"}],"nameUrl":"StructureDefinition-household-income.html","title":"Household Income","generation":"generated"},{"extension":[{"url":"http://hl7.org/fhir/tools/StructureDefinition/ig-page-name","valueUrl":"StructureDefinition-household-size.html"}],"nameUrl":"StructureDefinition-household-size.html","title":"Household Size","generation":"generated"},{"extension":[{"url":"http://hl7.org/fhir/tools/StructureDefinition/ig-page-name","valueUrl":"StructureDefinition-neisseria-gonorrhoeae-result.html"}],"nameUrl":"StructureDefinition-neisseria-gonorrhoeae-result.html","title":"Neisseria Gonorrhoeae Result","generation":"generated"},{"extension":[{"url":"http://hl7.org/fhir/tools/StructureDefinition/ig-page-name","valueUrl":"StructureDefinition-chlamydia-result.html"}],"nameUrl":"StructureDefinition-chlamydia-result.html","title":"Chlamydia Trachomatis Result","generation":"generated"},{"extension":[{"url":"http://hl7.org/fhir/tools/StructureDefinition/ig-page-name","valueUrl":"StructureDefinition-pap-smear-result.html"}],"nameUrl":"StructureDefinition-pap-smear-result.html","title":"Pap Smear Result","generation":"generated"},{"extension":[{"url":"http://hl7.org/fhir/tools/StructureDefinition/ig-page-name","valueUrl":"StructureDefinition-hiv-1-2-result.html"}],"nameUrl":"StructureDefinition-hiv-1-2-result.html","title":"HIV 1&2 Result","generation":"generated"},{"extension":[{"url":"http://hl7.org/fhir/tools/StructureDefinition/ig-page-name","valueUrl":"StructureDefinition-syphilis-result.html"}],"nameUrl":"StructureDefinition-syphilis-result.html","title":"Syphilis Result","generation":"generated"},{"extension":[{"url":"http://hl7.org/fhir/tools/StructureDefinition/ig-page-name","valueUrl":"StructureDefinition-hpv-result.html"}],"nameUrl":"StructureDefinition-hpv-result.html","title":"HPV Result","generation":"generated"},{"extension":[{"url":"http://hl7.org/fhir/tools/StructureDefinition/ig-page-name","valueUrl":"Bundle-example-opa-full-encounter-submission-bundle-1.html"}],"nameUrl":"Bundle-example-opa-full-encounter-submission-bundle-1.html","title":"Encounter Submission Full Report Example","generation":"generated"},{"extension":[{"url":"http://hl7.org/fhir/tools/StructureDefinition/ig-page-name","valueUrl":"Bundle-example-opa-full-encounter-submission-bundle-2.html"}],"nameUrl":"Bundle-example-opa-full-encounter-submission-bundle-2.html","title":"Encounter Submission Full Report Example 2","generation":"generated"},{"extension":[{"url":"http://hl7.org/fhir/tools/StructureDefinition/ig-page-name","valueUrl":"Bundle-example-opa-full-encounter-submission-bundle-3.html"}],"nameUrl":"Bundle-example-opa-full-encounter-submission-bundle-3.html","title":"Encounter Submission Full Report Example 3","generation":"generated"},{"extension":[{"url":"http://hl7.org/fhir/tools/StructureDefinition/ig-page-name","valueUrl":"Bundle-example-opa-subsequent-lab-result-submission-bundle.html"}],"nameUrl":"Bundle-example-opa-subsequent-lab-result-submission-bundle.html","title":"Subsequent Lab Result Submission Bundle","generation":"generated"},{"extension":[{"url":"http://hl7.org/fhir/tools/StructureDefinition/ig-page-name","valueUrl":"Patient-example-opa-patient.html"}],"nameUrl":"Patient-example-opa-patient.html","title":"OPA Patient example","generation":"generated"},{"extension":[{"url":"http://hl7.org/fhir/tools/StructureDefinition/ig-page-name","valueUrl":"Encounter-example-opa-encounter.html"}],"nameUrl":"Encounter-example-opa-encounter.html","title":"OPA Encounter example","generation":"generated"},{"extension":[{"url":"http://hl7.org/fhir/tools/StructureDefinition/ig-page-name","valueUrl":"PractitionerRole-example-opa-practitioner-role.html"}],"nameUrl":"PractitionerRole-example-opa-practitioner-role.html","title":"OPA PractitionerRole example","generation":"generated"},{"extension":[{"url":"http://hl7.org/fhir/tools/StructureDefinition/ig-page-name","valueUrl":"Practitioner-example-opa-practitioner.html"}],"nameUrl":"Practitioner-example-opa-practitioner.html","title":"Practitioner example (US Core)","generation":"generated"},{"extension":[{"url":"http://hl7.org/fhir/tools/StructureDefinition/ig-page-name","valueUrl":"Organization-example-opa-fp-provider-organization.html"}],"nameUrl":"Organization-example-opa-fp-provider-organization.html","title":"OPA Family Planning Clinic example","generation":"generated"},{"extension":[{"url":"http://hl7.org/fhir/tools/StructureDefinition/ig-page-name","valueUrl":"Observation-example-opa-blood-pressure.html"}],"nameUrl":"Observation-example-opa-blood-pressure.html","title":"Blood Pressure example (US Core)","generation":"generated"},{"extension":[{"url":"http://hl7.org/fhir/tools/StructureDefinition/ig-page-name","valueUrl":"Observation-example-opa-body-height.html"}],"nameUrl":"Observation-example-opa-body-height.html","title":"Body Height example (US Core)","generation":"generated"},{"extension":[{"url":"http://hl7.org/fhir/tools/StructureDefinition/ig-page-name","valueUrl":"Observation-example-opa-body-weight.html"}],"nameUrl":"Observation-example-opa-body-weight.html","title":"Body Weight example (US Core)","generation":"generated"},{"extension":[{"url":"http://hl7.org/fhir/tools/StructureDefinition/ig-page-name","valueUrl":"Observation-example-opa-smoking-status.html"}],"nameUrl":"Observation-example-opa-smoking-status.html","title":"Smoking Status example (US Core)","generation":"generated"},{"extension":[{"url":"http://hl7.org/fhir/tools/StructureDefinition/ig-page-name","valueUrl":"Observation-example-opa-sexual-orientation.html"}],"nameUrl":"Observation-example-opa-sexual-orientation.html","title":"Sexual Orientation example (US Core)","generation":"generated"},{"extension":[{"url":"http://hl7.org/fhir/tools/StructureDefinition/ig-page-name","valueUrl":"Observation-example-opa-pregnancy-status.html"}],"nameUrl":"Observation-example-opa-pregnancy-status.html","title":"Pregnancy Status example (US Core)","generation":"generated"},{"extension":[{"url":"http://hl7.org/fhir/tools/StructureDefinition/ig-page-name","valueUrl":"Observation-example-opa-pregnancy-intent.html"}],"nameUrl":"Observation-example-opa-pregnancy-intent.html","title":"Pregnancy Intention example (US Core)","generation":"generated"},{"extension":[{"url":"http://hl7.org/fhir/tools/StructureDefinition/ig-page-name","valueUrl":"Observation-example-opa-contraceptive-counseling.html"}],"nameUrl":"Observation-example-opa-contraceptive-counseling.html","title":"Contraceptive Counseling- Intake Observation example","generation":"generated"},{"extension":[{"url":"http://hl7.org/fhir/tools/StructureDefinition/ig-page-name","valueUrl":"Observation-example-opa-contraceptive-counseling-not-given.html"}],"nameUrl":"Observation-example-opa-contraceptive-counseling-not-given.html","title":"Contraceptive Counseling not given example","generation":"generated"},{"extension":[{"url":"http://hl7.org/fhir/tools/StructureDefinition/ig-page-name","valueUrl":"Observation-example-opa-contraceptive-method-intake.html"}],"nameUrl":"Observation-example-opa-contraceptive-method-intake.html","title":"Contraceptive Method - Intake Observation example","generation":"generated"},{"extension":[{"url":"http://hl7.org/fhir/tools/StructureDefinition/ig-page-name","valueUrl":"Observation-example-opa-contraceptive-method-exit.html"}],"nameUrl":"Observation-example-opa-contraceptive-method-exit.html","title":"Contraceptive Method - Exit Observation example","generation":"generated"},{"extension":[{"url":"http://hl7.org/fhir/tools/StructureDefinition/ig-page-name","valueUrl":"Observation-example-opa-no-contraceptive-method-intake.html"}],"nameUrl":"Observation-example-opa-no-contraceptive-method-intake.html","title":"No Contraceptive Method - Intake example","generation":"generated"},{"extension":[{"url":"http://hl7.org/fhir/tools/StructureDefinition/ig-page-name","valueUrl":"Observation-example-opa-no-contraceptive-method-exit.html"}],"nameUrl":"Observation-example-opa-no-contraceptive-method-exit.html","title":"No Contraceptive Method - Exit example","generation":"generated"},{"extension":[{"url":"http://hl7.org/fhir/tools/StructureDefinition/ig-page-name","valueUrl":"Observation-example-opa-pregnancy-counseling.html"}],"nameUrl":"Observation-example-opa-pregnancy-counseling.html","title":"Pregnancy Counseling example","generation":"generated"},{"extension":[{"url":"http://hl7.org/fhir/tools/StructureDefinition/ig-page-name","valueUrl":"Observation-example-opa-seeking-counseling.html"}],"nameUrl":"Observation-example-opa-seeking-counseling.html","title":"Seeking Counseling example","generation":"generated"},{"extension":[{"url":"http://hl7.org/fhir/tools/StructureDefinition/ig-page-name","valueUrl":"Observation-example-opa-household-income.html"}],"nameUrl":"Observation-example-opa-household-income.html","title":"Household Income example","generation":"generated"},{"extension":[{"url":"http://hl7.org/fhir/tools/StructureDefinition/ig-page-name","valueUrl":"Observation-example-opa-household-size.html"}],"nameUrl":"Observation-example-opa-household-size.html","title":"Household Size example","generation":"generated"},{"extension":[{"url":"http://hl7.org/fhir/tools/StructureDefinition/ig-page-name","valueUrl":"Observation-example-opa-pap-smear-result-prelim.html"}],"nameUrl":"Observation-example-opa-pap-smear-result-prelim.html","title":"Pap Smear Lab Result example - Preliminary","generation":"generated"},{"extension":[{"url":"http://hl7.org/fhir/tools/StructureDefinition/ig-page-name","valueUrl":"Observation-example-opa-chlamydia-result-prelim.html"}],"nameUrl":"Observation-example-opa-chlamydia-result-prelim.html","title":"Chlamydia Lab Result example - Preliminary","generation":"generated"},{"extension":[{"url":"http://hl7.org/fhir/tools/StructureDefinition/ig-page-name","valueUrl":"Observation-example-opa-hpv-result-prelim.html"}],"nameUrl":"Observation-example-opa-hpv-result-prelim.html","title":"HPV Lab Result example - Preliminary","generation":"generated"},{"extension":[{"url":"http://hl7.org/fhir/tools/StructureDefinition/ig-page-name","valueUrl":"Observation-example-opa-neisseria-gonorrhoeae-result-prelim.html"}],"nameUrl":"Observation-example-opa-neisseria-gonorrhoeae-result-prelim.html","title":"Neisseria Gonorrhoeae Lab Result example - Preliminary","generation":"generated"},{"extension":[{"url":"http://hl7.org/fhir/tools/StructureDefinition/ig-page-name","valueUrl":"Observation-example-opa-hiv-1-2-result-prelim.html"}],"nameUrl":"Observation-example-opa-hiv-1-2-result-prelim.html","title":"HIV Lab Result example - Preliminary","generation":"generated"},{"extension":[{"url":"http://hl7.org/fhir/tools/StructureDefinition/ig-page-name","valueUrl":"Observation-example-opa-syphilis-result-prelim.html"}],"nameUrl":"Observation-example-opa-syphilis-result-prelim.html","title":"Syphilis Lab Result example - Preliminary","generation":"generated"},{"extension":[{"url":"http://hl7.org/fhir/tools/StructureDefinition/ig-page-name","valueUrl":"Observation-example-opa-pap-smear-result-final.html"}],"nameUrl":"Observation-example-opa-pap-smear-result-final.html","title":"Pap Smear Lab Result example - Final","generation":"generated"},{"extension":[{"url":"http://hl7.org/fhir/tools/StructureDefinition/ig-page-name","valueUrl":"Observation-example-opa-chlamydia-result-final.html"}],"nameUrl":"Observation-example-opa-chlamydia-result-final.html","title":"Chlamydia Lab Result example - Final","generation":"generated"},{"extension":[{"url":"http://hl7.org/fhir/tools/StructureDefinition/ig-page-name","valueUrl":"Observation-example-opa-hpv-result-final.html"}],"nameUrl":"Observation-example-opa-hpv-result-final.html","title":"HPV Lab Result example - Final","generation":"generated"},{"extension":[{"url":"http://hl7.org/fhir/tools/StructureDefinition/ig-page-name","valueUrl":"Observation-example-opa-neisseria-gonorrhoeae-result-final.html"}],"nameUrl":"Observation-example-opa-neisseria-gonorrhoeae-result-final.html","title":"Neisseria Gonorrhoeae Lab Result example - Final","generation":"generated"},{"extension":[{"url":"http://hl7.org/fhir/tools/StructureDefinition/ig-page-name","valueUrl":"Observation-example-opa-hiv-1-2-result-final.html"}],"nameUrl":"Observation-example-opa-hiv-1-2-result-final.html","title":"HIV Lab Result example - Final","generation":"generated"},{"extension":[{"url":"http://hl7.org/fhir/tools/StructureDefinition/ig-page-name","valueUrl":"Observation-example-opa-syphilis-result-final.html"}],"nameUrl":"Observation-example-opa-syphilis-result-final.html","title":"Syphilis Lab Result example - Final","generation":"generated"},{"extension":[{"url":"http://hl7.org/fhir/tools/StructureDefinition/ig-page-name","valueUrl":"Parameters-expansion-parameters-opa.html"}],"nameUrl":"Parameters-expansion-parameters-opa.html","title":"US Edition of Snomed","generation":"generated"}]}]},"parameter":[{"code":"path-resource","value":"input/capabilities"},{"code":"path-resource","value":"input/examples"},{"code":"path-resource","value":"input/extensions"},{"code":"path-resource","value":"input/models"},{"code":"path-resource","value":"input/operations"},{"code":"path-resource","value":"input/profiles"},{"code":"path-resource","value":"input/resources"},{"code":"path-resource","value":"input/vocabulary"},{"code":"path-resource","value":"input/maps"},{"code":"path-resource","value":"input/testing"},{"code":"path-resource","value":"input/history"},{"code":"path-resource","value":"fsh-generated/resources"},{"code":"path-pages","value":"template/config"},{"code":"path-pages","value":"input/images"},{"code":"path-tx-cache","value":"input-cache/txcache"}]}}