{
  "resourceType" : "Observation",
  "id" : "example-opa-pregnancy-counseling",
  "meta" : {
    "versionId" : "1",
    "lastUpdated" : "2023-08-21T13:10:37.333Z",
    "profile" : ["http://oash.org/fhir/us/opa/StructureDefinition/pregnancy-counseling"]
  },
  "text" : {
    "status" : "generated",
    "div" : "<div xmlns=\"http://www.w3.org/1999/xhtml\"><p><b>Generated Narrative: Observation</b><a name=\"example-opa-pregnancy-counseling\"> </a></p><div style=\"display: inline-block; background-color: #d9e0e7; padding: 6px; margin: 4px; border: 1px solid #8da1b4; border-radius: 5px; line-height: 60%\"><p style=\"margin-bottom: 0px\">Resource Observation &quot;example-opa-pregnancy-counseling&quot; Version &quot;1&quot; Updated &quot;2023-08-21 13:10:37+0000&quot; </p><p style=\"margin-bottom: 0px\">Profile: <a href=\"StructureDefinition-pregnancy-counseling.html\">Pregnancy Counseling</a></p></div><p><b>status</b>: final</p><p><b>code</b>: Counseling to achieve pregnancy was provided <span style=\"background: LightGoldenRodYellow; margin: 4px; border: 1px solid khaki\"> (<a href=\"https://loinc.org/\">LOINC</a>#86655-8)</span></p><p><b>subject</b>: <a href=\"Patient-example-opa-patient.html\">Patient/example-opa-patient</a> &quot; WOODROW&quot;</p><p><b>effective</b>: 2023-04-13 18:00:14-0500</p><p><b>performer</b>: <a href=\"PractitionerRole-example-opa-practitioner-role.html\">PractitionerRole/example-opa-practitioner-role</a></p><p><b>value</b>: true</p></div>"
  },
  "status" : "final",
  "code" : {
    "coding" : [{
      "system" : "http://loinc.org",
      "code" : "86655-8",
      "display" : "Counseling to achieve pregnancy was provided"
    }]
  },
  "subject" : {
    "reference" : "Patient/example-opa-patient"
  },
  "effectiveDateTime" : "2023-04-13T18:00:14-05:00",
  "performer" : [{
    "reference" : "PractitionerRole/example-opa-practitioner-role"
  }],
  "valueBoolean" : true
}