{
  "resourceType" : "PractitionerRole",
  "id" : "example-opa-practitioner-role",
  "meta" : {
    "versionId" : "5",
    "lastUpdated" : "2023-07-20T15:34:50.233Z"
  },
  "text" : {
    "status" : "generated",
    "div" : "<div xmlns=\"http://www.w3.org/1999/xhtml\"><p><b>Generated Narrative: PractitionerRole</b><a name=\"example-opa-practitioner-role\"> </a></p><div style=\"display: inline-block; background-color: #d9e0e7; padding: 6px; margin: 4px; border: 1px solid #8da1b4; border-radius: 5px; line-height: 60%\"><p style=\"margin-bottom: 0px\">Resource PractitionerRole &quot;example-opa-practitioner-role&quot; Version &quot;5&quot; Updated &quot;2023-07-20 15:34:50+0000&quot; </p></div><p><b>identifier</b>: id:\u00a023</p><p><b>active</b>: true</p><p><b>period</b>: 2012-01-01 --&gt; (ongoing)</p><p><b>practitioner</b>: <a href=\"Practitioner-example-opa-practitioner.html\">Practitioner/example-opa-practitioner: Dr Adam Careful</a> &quot; CAREFUL&quot;</p><p><b>code</b>: Healthcare professional (occupation) <span style=\"background: LightGoldenRodYellow; margin: 4px; border: 1px solid khaki\"> (<a href=\"https://browser.ihtsdotools.org/\">SNOMED CT</a>#223366009)</span></p><p><b>specialty</b>: Healthcare professional (occupation) <span style=\"background: LightGoldenRodYellow; margin: 4px; border: 1px solid khaki\"> (<a href=\"https://browser.ihtsdotools.org/\">SNOMED CT</a>#223366009)</span></p><p><b>telecom</b>: ph: 555-555-5555</p></div>"
  },
  "identifier" : [{
    "system" : "http://www.acme.org/practitioners",
    "value" : "23"
  }],
  "active" : true,
  "period" : {
    "start" : "2012-01-01"
  },
  "practitioner" : {
    "reference" : "Practitioner/example-opa-practitioner",
    "display" : "Dr Adam Careful"
  },
  "code" : [{
    "coding" : [{
      "system" : "http://snomed.info/sct",
      "code" : "223366009",
      "display" : "Healthcare professional (occupation)"
    }]
  }],
  "specialty" : [{
    "coding" : [{
      "system" : "http://snomed.info/sct",
      "code" : "223366009",
      "display" : "Healthcare professional (occupation)"
    }]
  }],
  "telecom" : [{
    "system" : "phone",
    "value" : "555-555-5555"
  }]
}